,articles,target_summaries,predicted_summaries
0,"नोट के बदले वोट मामले में आरोपी समाजवादी पार्टी के पूर्व महासचिव और राज्यसभा सदस्य अमर सिंह को रविवार को दिल्ली के अखिल भारतीय आयुर्विज्ञान संस्थान (एम्स) से छुट्टी मिल गई। अस्पताल से बाहर आते ही सिंह ने कहा कि वह सपा से जुड़े अपने अतीत को हमेशा के लिए भूलना चाहते हैं।  इससे पहले एम्स के गुर्दा रोग विशेषज्ञ डॉक्टर संजय गुप्ता ने बताया कि सिंह फिट हैं और उन्हें छुट्टी दे दी गई है। डॉक्टर गुप्ता ही एम्स में 55 साल के एम्स का उपचार कर रहे थे। सिंह को वोट के बदले नोट मामले में 6 सितंबर को गिरफ्तार कर लिया गया था। स्वास्थ्य आधार पर अदालत ने 24 अक्टूबर को उन्हें जमानत दे दी थी। सिंह को तिहाड़ जेल से 12 सितंबर को एम्स में भर्ती कराया गया था।  सिंगापुर में गुर्दे का प्रत्यारोपण कराने वाले सिंह के गुर्दे में पिछले दिनों कुछ परेशानियां आ गई थीं।   गुप्ता ने कहा, उनकी हालत अब ठीक है। उनकी सेहत अब पहले से बेहतर है। जब उन्हें यहां लाया गया था तो उनके क्रिएटिनिन की मात्रा में उतार-चढ़ाव आ रहा था। इसके साथ ही उन्हें कुछ अन्य परेशानियां भी थीं।  अस्पताल से बाहर निकलते समय अभिनेत्री और लोकसभा सदस्य जयाप्रदा उनके साथ थीं। सिंह ने संवाददाताओं से कहा, मैं सभी लोगों से आग्रह करता हूं कि सपा के साथ मेरा नाम नहीं जोड़ा जाए। मैं सपा से जुड़े इतिहास को भूलना चाहता हूं। उन्होंने कहा कि गुर्दे के प्रत्यारोपण के बाद से मैं उपाचार के लिए सिंगापुर जाता रहा हूं। कुछ वक्त से मैं वहां जा नहीं पा रहा हूं। मैं सिंगापुर जाने के लिए अदालत से इजाजत मांगूगा।  व्हील चेयर पर बैठे सिंह ने कहा कि मूत्र नली में संक्रमण हो गया था। अभी मैं इससे पूरी तरह उबर नहीं पाया हूं। मेरे बच्चे बुखार से पीड़ित हैं। चिकित्सकों ने मुझसे 3 नवम्बर को जरूरत पड़ने पर दोबारा जांच कराने को कहा है। सिंह के गुर्दे में क्रिएटिनिन का स्तर बढ़ जाने के बाद उन्हें एम्स में भर्ती कराया गया था। क्रिएटिनिन गुर्दे के काम करने की द्योतक होता है।",समाजवादी पार्टी के पूर्व महासचिव और राज्यसभा सदस्य को रविवार को दिल्ली के अखिल भारतीय आयुर्विज्ञान संस्थान (एम्स) से छुट्टी मिल गई।,नोट के बदले वोट मामले में आरोपी समाजवादी पार्टी के पूर्व महासचिव और राज्यसभा सदस्य अमर सिंह को
1,"VIDEO: अब सैलरी होगी कम, सेविंग ज़्यादा!","सैलरी के बारे में बात करते वक्‍त पर्सनल बातें न करें
आपकी पर्सनल परेशान‍ियों से क‍िसी को लेन देना नहीं
अपने काम के बारे में बात करें और बताएं क‍ि आप ड‍िजर्विंग हैं","VIDEO: अब सैलरी होगी कम, सेविंग ज़्यादा!!!! VIDEO: अब सैलरी"
2,"रेल नेविगेशन से संबंधित आईआईटी कानपुर की महत्वाकांक्षी परियोजना सिमरन के इस्तेमाल से किसी भी ट्रेन की स्थिति के बारे में जानकारी हासिल करना संभव होगा। इसे प्रयोग के तौर पर फिलहाल 12 प्रमुख रेलगाड़ियों में लगाया गया है।  आईआईटी, कानपुर द्वारा तैयार सिमरन (सैटेलाइट इमेजिंग फॉर रेल नेविगेशन) प्रणाली के जरिए इंटरनेट पर ट्रेन की स्थिति का पता चल सकेगा। रेल मंत्री दिनेश त्रिवेदी ने बुधवार को दिल्ली में आधिकारिक तौर पर इस परियोजना की शुरुआत की।  प्रयोग के तौर पर अभी इसे 12 महत्वपूर्ण ट्रेन में लगाया गया है और गृह मंत्रालय से अनुमति मिलने के बाद अगले छह महीने में देश की लगभग सभी ट्रेन में इसे स्थापित कर दिया जाएगा। आईआईटी के निदेशक प्रो संजय गोविंद धांडे ने बताया कि रेलवे ने सुरक्षा कारणों से इस परियोजना को सभी ट्रेन में लगाने से पहले गृह मंत्रालय से अनुमति मांगी है। हालांकि धांडे के अनुसार इससे रेलवे की सुरक्षा को कोई खतरा होने की गुंजाइश न के बराबर है।  इस प्रणाली के अंतर्गत ट्रेन में एक जीपीआरएस उपकरण लगाया जाएगा, जो रेलवे के मास्टर सर्वर से जुड़ेगा। हर स्टेशन पर डिस्पले बोर्ड से ट्रेन की ताजा स्थिति का पता चलता रहेगा। लोगों को घर बैठे इंटरनेट से मालूम हो सकेगा कि फलां ट्रेन इस समय कहां है। मोबाइल फोन पर एसएमएस से भी यह जानकारी मिल सकेगी।  धांडे ने बताया कि 2005 में रेल संरक्षा प्रौद्योगिकी मिशन के तहत आरडीएसओ (रेलवे डिजाइन एंड स्टैंडर्ड आर्गेनाइजेशन) लखनऊ के सहयोग से संस्थान को रेलवे की 12 परियोजनाएं मिली थीं, जिनमें से एक सिमरन भी थी। यह प्रोजेक्ट 2010 में पूरा हुआ।",आईआईटी कानपुर द्वारा तैयार सिमरन (सैटेलाइट इमेजिंग फॉर रेल नेविगेशन) प्रणाली के जरिए इंटरनेट पर ट्रेन की स्थिति का पता चल सकेगा।,रेल नेविगेशन से संबंधित आईआईटी कानपुर की महत्वाकांक्षी परियोजना सिमरन के इस्तेमाल से किसी भी ट्रेन
3,"बीसीसीआई अध्यक्ष अनुराग ठाकुर ने भविष्य में पाकिस्तान के साथ द्विपक्षीय क्रिकेट संबंधों की बहाली की संभावना से पूरी तरह से इनकार किया और कहा कि इस बारे में सोचना भी सही नहीं है.बीजेपी राष्ट्रीय परिषद की बैठक के लिए कोझिकोड पहुंचे ठाकुर ने कहा कि भारत किसी भी समय पाकिस्तान को तबाह कर सकता है, लेकिन उसे विश्वस्तर पर अलग-थलग करना अधिक महत्वपूर्ण है.ठाकुर बीजेपी सांसद और युवा विभाग के अध्यक्ष भी हैं. ठाकुर से जब पाकिस्तान से क्रिकेट खेलने की किसी योजना के बारे में पूछा गया तो उन्होंने उरी में आतंकी हमले के संदर्भ में कहा, 'जो कुछ हुआ उसे देखते हुए इस बारे में सोचना भी सही नहीं है.'उन्होंने इसके साथ ही जोड़ा कि पाकिस्तान के खिलाफ इस साल सीरीज का कोई कार्यक्रम नहीं है. उरी आतंकी हमले के बाद भारत के पाकिस्तान के साथ संबंधों में गिरावट आयी है और इस पड़ोसी देश के खिलाफ जवाबी कार्रवाई की मांग की जा रही है.    टिप्पणियांप्रादेशिक सेना के भी अधिकारी ठाकुर ने कहा, 'भारत ने पाकिस्तान को 1965, 1971 और कारगिल युद्ध में हराया था. भारत ने विश्व कप क्रिकेट के भी सभी मैचों में पाकिस्तान को हराया. वह किसी भी समय पाकिस्तान को तबाह कर सकता है, लेकिन उसे विश्व स्तर पर अलग-थलग करना अधिक महत्वपूर्ण है.'(हेडलाइन के अलावा, इस खबर को एनडीटीवी टीम ने संपादित नहीं किया है, यह सिंडीकेट फीड से सीधे प्रकाशित की गई है।)
बीजेपी राष्ट्रीय परिषद की बैठक के लिए कोझिकोड पहुंचे ठाकुर ने कहा कि भारत किसी भी समय पाकिस्तान को तबाह कर सकता है, लेकिन उसे विश्वस्तर पर अलग-थलग करना अधिक महत्वपूर्ण है.ठाकुर बीजेपी सांसद और युवा विभाग के अध्यक्ष भी हैं. ठाकुर से जब पाकिस्तान से क्रिकेट खेलने की किसी योजना के बारे में पूछा गया तो उन्होंने उरी में आतंकी हमले के संदर्भ में कहा, 'जो कुछ हुआ उसे देखते हुए इस बारे में सोचना भी सही नहीं है.'उन्होंने इसके साथ ही जोड़ा कि पाकिस्तान के खिलाफ इस साल सीरीज का कोई कार्यक्रम नहीं है. उरी आतंकी हमले के बाद भारत के पाकिस्तान के साथ संबंधों में गिरावट आयी है और इस पड़ोसी देश के खिलाफ जवाबी कार्रवाई की मांग की जा रही है.    टिप्पणियांप्रादेशिक सेना के भी अधिकारी ठाकुर ने कहा, 'भारत ने पाकिस्तान को 1965, 1971 और कारगिल युद्ध में हराया था. भारत ने विश्व कप क्रिकेट के भी सभी मैचों में पाकिस्तान को हराया. वह किसी भी समय पाकिस्तान को तबाह कर सकता है, लेकिन उसे विश्व स्तर पर अलग-थलग करना अधिक महत्वपूर्ण है.'(हेडलाइन के अलावा, इस खबर को एनडीटीवी टीम ने संपादित नहीं किया है, यह सिंडीकेट फीड से सीधे प्रकाशित की गई है।)
ठाकुर बीजेपी सांसद और युवा विभाग के अध्यक्ष भी हैं. ठाकुर से जब पाकिस्तान से क्रिकेट खेलने की किसी योजना के बारे में पूछा गया तो उन्होंने उरी में आतंकी हमले के संदर्भ में कहा, 'जो कुछ हुआ उसे देखते हुए इस बारे में सोचना भी सही नहीं है.'उन्होंने इसके साथ ही जोड़ा कि पाकिस्तान के खिलाफ इस साल सीरीज का कोई कार्यक्रम नहीं है. उरी आतंकी हमले के बाद भारत के पाकिस्तान के साथ संबंधों में गिरावट आयी है और इस पड़ोसी देश के खिलाफ जवाबी कार्रवाई की मांग की जा रही है.    टिप्पणियांप्रादेशिक सेना के भी अधिकारी ठाकुर ने कहा, 'भारत ने पाकिस्तान को 1965, 1971 और कारगिल युद्ध में हराया था. भारत ने विश्व कप क्रिकेट के भी सभी मैचों में पाकिस्तान को हराया. वह किसी भी समय पाकिस्तान को तबाह कर सकता है, लेकिन उसे विश्व स्तर पर अलग-थलग करना अधिक महत्वपूर्ण है.'(हेडलाइन के अलावा, इस खबर को एनडीटीवी टीम ने संपादित नहीं किया है, यह सिंडीकेट फीड से सीधे प्रकाशित की गई है।)
उन्होंने इसके साथ ही जोड़ा कि पाकिस्तान के खिलाफ इस साल सीरीज का कोई कार्यक्रम नहीं है. उरी आतंकी हमले के बाद भारत के पाकिस्तान के साथ संबंधों में गिरावट आयी है और इस पड़ोसी देश के खिलाफ जवाबी कार्रवाई की मांग की जा रही है.    टिप्पणियांप्रादेशिक सेना के भी अधिकारी ठाकुर ने कहा, 'भारत ने पाकिस्तान को 1965, 1971 और कारगिल युद्ध में हराया था. भारत ने विश्व कप क्रिकेट के भी सभी मैचों में पाकिस्तान को हराया. वह किसी भी समय पाकिस्तान को तबाह कर सकता है, लेकिन उसे विश्व स्तर पर अलग-थलग करना अधिक महत्वपूर्ण है.'(हेडलाइन के अलावा, इस खबर को एनडीटीवी टीम ने संपादित नहीं किया है, यह सिंडीकेट फीड से सीधे प्रकाशित की गई है।)
प्रादेशिक सेना के भी अधिकारी ठाकुर ने कहा, 'भारत ने पाकिस्तान को 1965, 1971 और कारगिल युद्ध में हराया था. भारत ने विश्व कप क्रिकेट के भी सभी मैचों में पाकिस्तान को हराया. वह किसी भी समय पाकिस्तान को तबाह कर सकता है, लेकिन उसे विश्व स्तर पर अलग-थलग करना अधिक महत्वपूर्ण है.'(हेडलाइन के अलावा, इस खबर को एनडीटीवी टीम ने संपादित नहीं किया है, यह सिंडीकेट फीड से सीधे प्रकाशित की गई है।)
(हेडलाइन के अलावा, इस खबर को एनडीटीवी टीम ने संपादित नहीं किया है, यह सिंडीकेट फीड से सीधे प्रकाशित की गई है।)","भारत किसी भी वक्त पाकिस्तान को तबाह कर सकता है : अनुराग ठाकुर
उन्होंने कहा, पाकिस्तान को विश्वस्तर पर अलग-थलग करना ज्यादा महत्वपूर्ण 
ठाकुर ने कहा, पाकिस्तान को हर युद्ध और वर्ल्ड कप के हर मैच में हराया है",बीसीसीआई अध्यक्ष अनुराग ठाकुर ने भविष्य में पाकिस्तान के साथ द्विपक्षीय क्रिकेट संबंधों की बहाली की संभावना
4,"धार्मिक नगरी अयोध्या में दीपावली के अवसर पर शुरू किया गया ''दीपोत्सव'' देश दुनिया में पहचान बना चुका है और इस वर्ष दीपोत्सव को पहले से कहीं अधिक वृहद और भव्य बनाने की तैयारी है. इस मौके पर रिकार्ड संख्या में दीये जलाकर विश्व कीर्तिमान बनाने की तैयारी है. दीपोत्सव 24 से 26 अक्टूबर के बीच अयोध्या में होगा और इस बार लगभग चार लाख दीये जलाकर उस विश्व रिकार्ड को तोड़ने की तैयारी है जो पिछले वर्ष तीन लाख से अधिक दीये जलाकर बनाया गया था. 
पिछले वर्ष पवित्र सरयू नदी के किनारे जलाए गए ये दीये लगभग 45 मिनट तक जले और इनकी भव्यता की देश दुनिया में खूब चर्चा हुई. भाजपा के उत्तर प्रदेश प्रवक्ता हरिश्चंद्र श्रीवास्तव ने ''भाषा'' से बातचीत में कहा, ''दीपोत्सव भारतीय जनमानस में और भारतीय संस्कृति में एक ऐसा सांस्कृतिक उत्सव है जो बुराई पर अच्छाई की विजय के रूप में मनाया जाता है. यह अंधेरे को प्रकाश में बदलने का उत्सव है और मुख्यमंत्री योगी आदित्यनाथ का दीपोत्सव को भव्य ढंग से मनाने का फैसला निश्चित तौर पर उत्साहजनक है.''
उन्होंने कहा, ''यह आयोजन धार्मिक महत्व के साथ ही पर्यटन की दृष्टि से भी महत्वपूर्ण है और इसके जरिए दुनिया में एक सांस्कृतिक उत्सव के रूप में बड़ा संदेश जाता है और पर्यटन की बड़ी संभावनाएं पैदा होती हैं.'' उन्होंने बताया कि अयोध्या में इस बार दीपावली पर ज्यादा जगमग होगी. सिर्फ राम की पैड़ी पर ही नहीं बल्कि पूरी रामनगरी में तीन दिन तक हर घर में दीये जलेंगे.
राज्य सरकार के एक अधिकारी ने बताया कि 24, 25 और 26 अक्टूबर के इस आयोजन के लिए प्रशासन ने पूरी तैयारी कर ली है. अयोध्या के 13 प्रमुख मंदिरों में तीन दिन तक हर दिन 5001 दीये जलाए जाएंगे. इसके अलावा नगर के सभी 10 हजार मंदिरों और घरों में भी दीये जलाए जाएंगे.
उन्होंने बताया कि जिला प्रशासन, अयोध्या नगर निगम और शहर के बड़े शैक्षणिक संस्थान इस मुहिम में शामिल हैं. आचार्य राधेश्याम मिश्र ने बताया कि दीपोत्सव कार्यक्रम को अयोध्या के गुप्तारघाट से लेकर भरत जी की तपस्थली नंदीग्राम तक विस्तारित किया जा रहा है. 
आयोजन से जुड़े अधिकारियों ने बताया कि इस बार अयोध्या के दीपोत्सव में पांच देशों मारीशस, नेपाल, सूरीनाम, इंडोनेशिया और थाइलैंड की रामलीला मंडलियां रामलीला का मंचन करेंगी. इसके अलावा देश के विभिन्न हिस्सों से लगभग 32 सांस्कृतिक दलों का कार्यक्रम होगा. श्रीलंका के कलाकार भी आएंगे.","दीपोत्सव 24 से 26 अक्टूबर के बीच अयोध्या में होगा
पहले से कहीं अधिक वृहद और भव्य बनाने की तैयारी
लगभग चार लाख दीये जलाकर विश्व रिकार्ड बनाने की तैयारी","धार्मिक नगरी अयोध्या में दीपावली के अवसर पर शुरू किया गया ""दीपोत्सव"" देश दुनिया में"
5,".@Beingsalmankhan questions Arshi Khan about her comment to Shilpa Shinde. Tune in to #WeekendKaVaar tomorrow at 9 PM to find out what happens! pic.twitter.com/f9XImm4vh5
अर्शी पिछले कुछ समय से बहुत निगेटिव हो गई हैं और वे भी हिना खान की राह पर चलने लगी हैं. देखना है कि सलमान खान किस तरह उनकी क्लास लेते हैं.","अर्शी ने शिल्पा की मां के सामने कहा वाहियात औरत
वीकेंड के वार में भड़के सलमान
अर्शी की लगाई क्लास",.@Beingsalmankhan questions Arshi Khan about her comment to Shil
6,"सारा अली खान (Sara Ali Khan) ने अपने इंस्टाग्राम पर एक वीडियो पोस्ट किया है, जो बहुत ही कमाल का है. इस वीडियो में सारा अली खान ने विशाल डोसा दिखाया है, और उनकी मम्मी मुंह छिपाए नजर आ रही हैं. इस तरह सारा अली खान का डोसे वाला यह वीडियो सोशल मीडिया पर खूब वायरल हो रहा है. इस वीडियो में एक विशाल डोसा नजर आ रहा है, और अमृता सिंह (Amrita Singh) कैमरे से मुंह छिपा रही हैं. इस वीडियो में सारा अली खान (Sara Ali Khan) नजर नहीं आ रही हैं, बल्कि वे वीडियो बना रही हैं, और मम्मी अमृता सिंह से पूछ रही हैं कि मम्मी आज आपको हुआ क्या है जो इस तरह खा रही हैं. जबकि अमृता सिंह ने मुंह छिपा रखा है. 
A post shared by Sara Ali Khan (@saraalikhan95) on Oct 6, 2019 at 9:12pm PDT
सारा अली खान (Sara Ali Khan) ने अपनी इंस्टाग्राम पोस्ट में लिखा हैः 'जब मैं और मम्मी खाने के लिए बाहर गईं, हमें डाइट की कोई परवाह नहीं थी. इस तरह खाना कोई आसान काम नहीं है. फूड कंपीटीटर्स को भी पसीने आ जाएंगे.' इस तरह सारा अली खान इस वीडियो में मॉम अमृता सिंह के साथ मजाक करती नजर आ रही हैं. अमृता और सारा का यह वीडियो सोशल मीडिया पर खूब वायरल हो रहा है.
सारा अली खान (Sara Ali Khan) ने 'केदारनाथ' के साथ बॉलीवुड में कदम रखा था, और उनकी रणवीर सिंह के साथ फिल्म 'सिम्बा' बॉक्स ऑफिस पर सुपरहिट रही थी. सारा अली खान की आने वाली फिल्मों में कार्तिक आर्यन के  साथ 'लव आज कल 2' और वरुण धवन के साथ 'कुली नंबर 1' है. इस तरह सारा अली खान को अलग-अलग अंदाज में बॉक्स ऑफिस पर धमाल करते देखा जा सकेगा.","सारा अली खान का वीडियो हुआ वायरल
मम्मी के साथ डोसा खाने पहुंचीं थी अमृता सिंह
सारा ने बनाया मम्मी का वीडियो",सारा अली खान (Sara Ali Khan) ने अपने इंस्टाग्राम पर एक वीडियो पोस्ट किया है
7,"बॉलीवुड के फिल्म निर्माता और ऋतिक रोशन (Hrithik Roshan) के नाना जे ओम प्रकाश (J Om Prakash) का 93 वर्ष की उम्र में आज निधन हो गया. जे ओम प्रकाश (J Om Prakash) के निधन की खबर बॉलीवुड एक्टर और मॉडल रह चुके दीपक पाराशर ने अपने ट्वीट के जरिए दी. उन्होंने जे ओम प्रकाश (J Om Prakash) के साथ अपनी फोटो ट्वीट करते हुए उन्हें श्रद्धांजलि भी दी. फिल्म निर्माता जे ओम प्रकाश (J Om Prakash) ने बॉलीवुड की कई दमदार फिल्मों का निर्माण किया, जिसमें 'अर्पण', 'भगवान दादा', 'अपनापन', 'आप की कसम', 'आशा', 'आस-पास', 'आपके साथ', 'अजीब दास्तां है ये', 'अग्नि और आदमी' और 'अप्सरा' जैसी फिल्में शामिल हैं. 
My dearest uncle “Mr J Om Prakash”passed away about an hour ago So saddened as he joins his friend, my Mamaji “Mr Mohan Kumar “in heaven ! Their contributions to Indian cinema is a gift they left behind for us ! Took this pic few months ago when went to see him ! Om Shanti ! pic.twitter.com/rRuODYcQ2Z
दीपक पाराशर ने जे ओम प्रकाश (J Om Prakash) के निधन की खबर देते हुए ट्वीट किया. इसमें उन्होंने लिखा, ""मेरे सबसे प्यारे अंकल जे ओम प्रकाश का निधन लगभग एक घंटे पहले हुआ था. भारतीय सिनेमा में उनका योगदान एक उपहार है जो वे हमारे लिए छोड़ गए हैं.""
As a young man he sold his wedding ring to buy books. Studied under street lamps. Self taught. Ignited by creativity he forayed into films. Aap ki kasam n22 more jubilee films brought him name n fame. But his greatest work was love. Here he is at 92. My greatest teacher. My Deda. pic.twitter.com/E1zpuVNDZj

बता दें कि बॉलीवुड एक्टर ऋतिक रोशन (Hrithik Roshan) भी अपने नाना के काफी करीब थे. ऋतिक रोशन ने अपने नाना के 92वें जन्मदिन पर एक पार्टी भी आयोजित की थी, जिसकी कई फोटो उन्होंने सोशल मीडिया पर शेयर की थी. इन फोटो को शेयर करते हुए उन्होंने बताया था कि वह एक ऐसे व्यक्ति हैं जिन्होंने किताबों के लिए अपनी शादी की अंगूठी बेच दी थी और स्ट्रीट लैंप में पढ़ाई की थी. इसके अलावा अपने एक इंटरव्यू में भी ऋतिक रोशन ने कहा था कि उनके नाना ही उनके सबसे बड़े गुरु हैं.","बॉलीवुड के फिल्म निर्माता जे ओम प्रकाश का हुआ निधन
93 वर्ष के थे जे ओम प्रकाश
दीपक पाराशर ने ट्वीट कर दी जानकारी",बॉलीवुड के फिल्म निर्माता और ऋतिक रोशन (Hrithik Roshan) के नाना जे ओम
8,"came home at 4.45 am 2 most aggressive/ ear shattering call of azaan. Nothing more lowlife & dumb than such extreme imposed religiousity
(इस खबर को एनडीटीवी टीम ने संपादित नहीं किया है. यह सिंडीकेट फीड से सीधे प्रकाशित की गई है।)","सुचित्रा ने कहा- सुबह 5 बजे पूरे पड़ोस को जगा देना सभ्य बात नहीं
'ईश्वर को याद कराने के लिए लाउडस्पीकर जरूरी नहीं'
'यह धार्मिकता को थोपने का मामला है'",came home at 4.45 am 2 most aggressive/ ear shattering call of a
9,"साथ ही मुलायम ने राज्यसभा के सभापति हामिद अंसारी से आग्रह किया है कि उनके चचेरे भाई रामगोपाल यादव को गत 30 दिसंबर को पार्टी से निष्कासन किए जाने के मद्देनजर उनको उच्च सदन में पार्टी नेता पद से हटा दिया जाए.    टिप्पणियांमुलायम ने राज्यसभा सभापति से यह आग्रह भी किया कि रामगोपाल को पार्टी से निष्कासित किए जाने को ध्यान में रखते हुए उन्हें पिछली सीट पर स्थानांतरित किया जाए. अभी रामगोपाल सदन में अगली कतार में बसपा सुप्रीमो मायावती के पास की सीट पर बैठते हैं.उधर, अखिलेश यादव गुट ने भी पार्टी के विवादित चिह्न पर जल्द निर्णय की मांग की. रामगोपाल यादव ने चुनाव आयोग के समक्ष जाकर आग्रह किया कि वह पार्टी के विवादास्पद चिह्न ‘साइकिल’ पर जल्द निर्णय करे, क्योंकि यूपी विधानसभा चुनाव के लिए नामांकन प्रक्रिया 17 जनवरी से शुरू हो जाएगी.
मुलायम ने राज्यसभा सभापति से यह आग्रह भी किया कि रामगोपाल को पार्टी से निष्कासित किए जाने को ध्यान में रखते हुए उन्हें पिछली सीट पर स्थानांतरित किया जाए. अभी रामगोपाल सदन में अगली कतार में बसपा सुप्रीमो मायावती के पास की सीट पर बैठते हैं.उधर, अखिलेश यादव गुट ने भी पार्टी के विवादित चिह्न पर जल्द निर्णय की मांग की. रामगोपाल यादव ने चुनाव आयोग के समक्ष जाकर आग्रह किया कि वह पार्टी के विवादास्पद चिह्न ‘साइकिल’ पर जल्द निर्णय करे, क्योंकि यूपी विधानसभा चुनाव के लिए नामांकन प्रक्रिया 17 जनवरी से शुरू हो जाएगी.
उधर, अखिलेश यादव गुट ने भी पार्टी के विवादित चिह्न पर जल्द निर्णय की मांग की. रामगोपाल यादव ने चुनाव आयोग के समक्ष जाकर आग्रह किया कि वह पार्टी के विवादास्पद चिह्न ‘साइकिल’ पर जल्द निर्णय करे, क्योंकि यूपी विधानसभा चुनाव के लिए नामांकन प्रक्रिया 17 जनवरी से शुरू हो जाएगी.","जल्द ही चुनाव प्रचार करने निकलूंगा : मुलायम
'पार्टी में एकता के लिए पूरे प्रयास जारी हैं'
'समाजवादी पार्टी न टूटी है और न टूटेगी'",साथ ही मुलायम ने राज्यसभा के सभापति हामिद अंसारी से आग्रह किया है कि उनके चचेरे
10,"गौरतलब है कि चौहान ने राष्ट्रपिता महात्मा गांधी के साए में प्रदेश में शांति बहाली के लिए अपना अनिश्चितकालीन उपवास शनिवार को शुरू किया था. जिस मंच पर वह उपवास के लिए बैठे, उस पर गांधीजी की एक बड़ी तस्वीर लगी हुई थी. बता दें कि चौहान के उपवास स्थल पर पहुंचने से ठीक पहले मंच पर महात्मा गांधी की तस्वीर रखी गई थी. उपवास शुरू करने से पहले चौहान को प्रदेश के पूर्व मुख्यमंत्री कैलाश जोशी ने तिलक लगाकर विधिवत उपवास पर बैठाया था. उसके बाद, चौहान सत्य एवं अहिंसा के पुजारी महात्मा गांधी की तस्वीर के पास में ही बैठे और अपना अनिश्चितकालीन उपवास शुरू किया था.बता दें कि राज्य में 6 जून को मंदसौर जिले में किसान आंदोलन के दौरान प्रदर्शनकारियों पर पुलिस द्वारा की गई फायरिंग में पांच किसानों की मौत हो गई थी और छह अन्य किसान घायल हो गये थे. इसके बाद किसान भड़क गये और किसान आंदोलन समूचे मध्यप्रदेश में फैल गया था तथा और हिंसक हो गया था. अपनी उपज का सही मूल्य दिलाये जाने और कर्ज माफी समेत 20 सूत्रीय मांगों को लेकर किसानों ने यह आंदोलन किया.
बता दें कि राज्य में 6 जून को मंदसौर जिले में किसान आंदोलन के दौरान प्रदर्शनकारियों पर पुलिस द्वारा की गई फायरिंग में पांच किसानों की मौत हो गई थी और छह अन्य किसान घायल हो गये थे. इसके बाद किसान भड़क गये और किसान आंदोलन समूचे मध्यप्रदेश में फैल गया था तथा और हिंसक हो गया था. अपनी उपज का सही मूल्य दिलाये जाने और कर्ज माफी समेत 20 सूत्रीय मांगों को लेकर किसानों ने यह आंदोलन किया.","मंदसौर में मारे गये 4 लोगों के परिजनों ने उनसे मुलाकात की
मिलकर उपवास खत्म करने की अपील की.
शिवराज ने उनसे कहा कि शांति होते ही वो उपवास खत्म कर देंगे.",गौरतलब है कि चौहान ने राष्ट्रपिता महात्मा गांधी के साए में प्रदेश में शांति बहाली
11,"लोकसभा चुनाव से पहले राजनीतिक दलों में आवाजाही जारी है. अब असम में भाजपा को एक करारा झटका देते हुए तेजपुर से मौजूदा सांसद राम प्रसाद शर्मा (Ram Prasad Sharma ) ने शनिवार को पार्टी छोड़ने की घोषणा की है. उन्होंने आरोप लगाया कि ‘‘पार्टी में नए घुसपैठियों'' के कारण पुराने कार्यकर्ताओं को नजरअंदाज किया जा रहा है. शर्मा ने कहा कि आरएसएस और विहिप के लिए 15 वर्ष और भाजपा के लिए 29 वर्ष काम करने के बाद वह पार्टी की प्राथमिक सदस्यता से इस्तीफा दे रहे हैं. उन्होंने फेसबुक पर एक पोस्ट में कहा, ‘मैंने आज भाजपा छोड़ दी. मैं असम के उन पुराने भाजपा कार्यकर्ताओं के लिए दुख महसूस करता हूं जिन्हें नए घुसपैठियों के कारण नजरअंदाज किया जा रहा है'.
तेजपुर लोकसभा सीट के लिए पार्टी के संभावित उम्मीदवार के पैनल में शर्मा का नाम शामिल नहीं था. इसमें केवल असम के मंत्री और एनईडीए के संयोजक हिमंत बिस्वा शर्मा का नाम था. असम की 14 लोकसभा सीटों के उम्मीदवारों की सूची दिल्ली भेजी जा चुकी है और इसकी शनिवार को घोषणा किए जाने की संभावना है. शर्मा की बेटी को एपीएससी नौकरी घोटाले के सिलसिले में गिरफ्तार किए जाने के बाद से ही उनकी उम्मीदवारी दांव पर थी. आपको बता दें कि आज ही यूपी के प्रयागराज से भाजपा सांसद श्यामाचरण गुप्ता (Shyama Charan Gupta) ने भी पार्टी से इस्तीफा दे दिया था. गुप्ता ने अखिलेश यादव (Akhilesh Yadav) की समाजवादी पार्टी का दामन थामा है.समाजवादी पार्टी (Samajwadi Party) के टिकट पर गुप्ता बांदा से चुनाव लड़ेंगे.
आपको बता दें कि इससे पहले भी श्यामाचरण गुप्ता समाजवादी पार्टी में रह चुके हैं. साल 1999 में गुप्ता ने बांदा सीट से समाजवादी पार्टी के टिकट पर चुनाव लड़ा था, लेकिन बहुजन समाज पार्टी के उम्मीदवार ने उन्हें हरा दिया. हालांकि, साल 2004 में उन्होंने बांदा से जीत हासिल की थी. दूसरी तरफ, आज उत्तराखंड में भी बीजेपी को झटका लगा. राज्य बीजेपी के कद्दावर नेता भुवन चंद्र खंडूरी (BC Khanduri) के बेटे मनीष (Manish Khanduri) कांग्रेस में शामिल हो गए हैं. वे देहरादून में कांग्रेस अध्यक्ष राहुल गांधी की मौजूदगी में कांग्रेस में शामिल हुए.","लोकसभा चुनाव से पहले बीजेपी को झटका 
सांसद राम प्रसाद शर्मा ने पार्टी छोड़ने का किया ऐलान
असम के तेजपुर से सांसद हैं राम प्रसाद शर्मा",लोकसभा चुनाव से पहले राजनीतिक दलों में आवाजाही जारी है. अब असम में भाजपा को एक
12,भारत ने दक्षिण एशियाई बीच खेलों के तीसरे दिन दो स्वर्ण और तीन रजत पदक जीतकर तालिका में शीर्ष स्थान हासिल कर लिया।  जसविंदर सिंह बाथ और जसविंदर सिंह ने घुड़सवारी की व्यक्तिगत लांस स्पर्धा में क्रमश: स्वर्ण और रजत पदक हासिल किया।  मैराथन तैराकी में पांच किलोमीटर ओपन वाटर में भी भारत के मर्विन रोक चेन और मंदा दिवस पहले और दूसरे स्थान पर रहे।  भारत शीर्ष पर है जबकि नेपाल दूसरे और श्रीलंका तीसरे स्थान पर है।,भारत ने दक्षिण एशियाई बीच खेलों के तीसरे दिन दो स्वर्ण और तीन रजत पदक जीतकर तालिका में शीर्ष स्थान हासिल कर लिया।,भारत ने दक्षिण एशियाई बीच खेलों के तीसरे दिन दो स्वर्ण और तीन रजत पदक जीतकर तालिका में
13,"रामपुर में जौहर विश्वविद्यालय के निर्माण में धांधली की सीबीआई जांच के सवाल पर आजम खान भड़क गए. उन्होंने कहा, हमने तो रामपुर में बच्चों को पढ़ने के लिए एक अच्छी जगह बनाई है, जिससे बच्चों को अच्छी तालीम मिले. हमने बच्चों के पढ़ने की जगह बनाई है, कोई शराबघर नहीं. अगर योगी को जांच करानी है तो जांच करा लें. कुछ भी नहीं मिलेगा. वहां गरीब लोगों के बच्चे पढ़ाई करेंगे. पूर्व मंत्री ने कहा कि प्रदेश की योगी सरकार को अखिलेश यादव सरकार की हर अच्छी चीज खराब लग रही है, जिसका मन साफ नहीं रहता है, उसे ऐसा ही लगता है.(हेडलाइन के अलावा, इस खबर को एनडीटीवी टीम ने संपादित नहीं किया है, यह सिंडीकेट फीड से सीधे प्रकाशित की गई है।)
(हेडलाइन के अलावा, इस खबर को एनडीटीवी टीम ने संपादित नहीं किया है, यह सिंडीकेट फीड से सीधे प्रकाशित की गई है।)","भाजपा की लोकतंत्र में आस्था नहीं
विपक्ष को सहन नहीं कर सकते
इनकी कोशिश कोई सवाल पूछने वाला न हो",रामपुर में जौहर विश्वविद्यालय के निर्माण में धांधली की सीबीआई जांच के सवाल पर आजम खान
14,"जिमनास्टिक में ओलिंपिक के लिए क्वालीफाई कर इतिहास का पहला अध्याय लिख चुकी दीपा कर्मकार रविवार को जब रियो खेलों में उतरेंगी तो उनकी निगाहें नई ऊंचाई को छूने पर लगी होंगी. इस इवेंट के लिए क्वालीफाई करने वाली दीपा पहली भारतीय महिला हैं.सभी तरह की मुश्किलों से लड़कर त्रिपुरा की 22 वर्षीय लड़की ने अप्रैल में इसी स्थान पर ओलंपिक के लिए क्वालीफाई किया था. बेहद मुश्किल प्रोडूनोवा में महारत हासिल करने के लिए उन्होंने अपना सब कुछ झोंक दिया और वह अपने प्रदर्शन के लिए उस पर विश्वास कर रही हैं. दीपा ने कहा कि उन्होंने इसको करीब 1000 बार किया है. ऐसे में उनके लिए अन्य चीजों में बेहतर करना अहम रहेगा.उनके कोच विश्वेश्वर नंदी ने कहा, ‘मैंने उसकी कठिन परिश्रम और लगन देखी है. शुरुआत में जब उसने इसमें हाथ आजमाया तो मैं थोड़ा डरा हुआ था लेकिन कभी हार नहीं मानने के उसके जज्बे ने उसमें विश्वास पैदा किया. हम लोगों को सिर्फ ध्यान केंद्रित रखने की जरूरत है.’    टिप्पणियांदीपा राष्ट्रमंडल खेलों (ग्लासगो 2014) में पदक जीतने वाली पहली भारतीय महिला जिमनास्ट हैं. इसके बाद उन्होंने हिरोशिमा में हुए एशियाई चैंपियनशिप में कांस्य पदक जीता और 2015 के विश्व चैम्पियनशिप में वह फाइनल राउंड तक पहुंची और प्रतियोगिता में पांचवें स्थान पर रही थी.(हेडलाइन के अलावा, इस खबर को एनडीटीवी टीम ने संपादित नहीं किया है, यह सिंडीकेट फीड से सीधे प्रकाशित की गई है।)
सभी तरह की मुश्किलों से लड़कर त्रिपुरा की 22 वर्षीय लड़की ने अप्रैल में इसी स्थान पर ओलंपिक के लिए क्वालीफाई किया था. बेहद मुश्किल प्रोडूनोवा में महारत हासिल करने के लिए उन्होंने अपना सब कुछ झोंक दिया और वह अपने प्रदर्शन के लिए उस पर विश्वास कर रही हैं. दीपा ने कहा कि उन्होंने इसको करीब 1000 बार किया है. ऐसे में उनके लिए अन्य चीजों में बेहतर करना अहम रहेगा.उनके कोच विश्वेश्वर नंदी ने कहा, ‘मैंने उसकी कठिन परिश्रम और लगन देखी है. शुरुआत में जब उसने इसमें हाथ आजमाया तो मैं थोड़ा डरा हुआ था लेकिन कभी हार नहीं मानने के उसके जज्बे ने उसमें विश्वास पैदा किया. हम लोगों को सिर्फ ध्यान केंद्रित रखने की जरूरत है.’    टिप्पणियांदीपा राष्ट्रमंडल खेलों (ग्लासगो 2014) में पदक जीतने वाली पहली भारतीय महिला जिमनास्ट हैं. इसके बाद उन्होंने हिरोशिमा में हुए एशियाई चैंपियनशिप में कांस्य पदक जीता और 2015 के विश्व चैम्पियनशिप में वह फाइनल राउंड तक पहुंची और प्रतियोगिता में पांचवें स्थान पर रही थी.(हेडलाइन के अलावा, इस खबर को एनडीटीवी टीम ने संपादित नहीं किया है, यह सिंडीकेट फीड से सीधे प्रकाशित की गई है।)
उनके कोच विश्वेश्वर नंदी ने कहा, ‘मैंने उसकी कठिन परिश्रम और लगन देखी है. शुरुआत में जब उसने इसमें हाथ आजमाया तो मैं थोड़ा डरा हुआ था लेकिन कभी हार नहीं मानने के उसके जज्बे ने उसमें विश्वास पैदा किया. हम लोगों को सिर्फ ध्यान केंद्रित रखने की जरूरत है.’    टिप्पणियांदीपा राष्ट्रमंडल खेलों (ग्लासगो 2014) में पदक जीतने वाली पहली भारतीय महिला जिमनास्ट हैं. इसके बाद उन्होंने हिरोशिमा में हुए एशियाई चैंपियनशिप में कांस्य पदक जीता और 2015 के विश्व चैम्पियनशिप में वह फाइनल राउंड तक पहुंची और प्रतियोगिता में पांचवें स्थान पर रही थी.(हेडलाइन के अलावा, इस खबर को एनडीटीवी टीम ने संपादित नहीं किया है, यह सिंडीकेट फीड से सीधे प्रकाशित की गई है।)
दीपा राष्ट्रमंडल खेलों (ग्लासगो 2014) में पदक जीतने वाली पहली भारतीय महिला जिमनास्ट हैं. इसके बाद उन्होंने हिरोशिमा में हुए एशियाई चैंपियनशिप में कांस्य पदक जीता और 2015 के विश्व चैम्पियनशिप में वह फाइनल राउंड तक पहुंची और प्रतियोगिता में पांचवें स्थान पर रही थी.(हेडलाइन के अलावा, इस खबर को एनडीटीवी टीम ने संपादित नहीं किया है, यह सिंडीकेट फीड से सीधे प्रकाशित की गई है।)
(हेडलाइन के अलावा, इस खबर को एनडीटीवी टीम ने संपादित नहीं किया है, यह सिंडीकेट फीड से सीधे प्रकाशित की गई है।)","जिमनास्टिक में क्वालीफाई करने वाली पहली भारतीय महिला हैं दीपा
रियो में ही ओलिंपिक के लिए त्रिपुरा की इस लड़की ने किया था क्‍वालिफाई
कोच ने कहा-कभी भी आसानी से हार नहीं मानती है दीपा",जिमनास्टिक में ओलिंपिक के लिए क्वालीफाई कर इतिहास का पहला अध्याय लिख
15,"A post shared by Bigg Boss 12 (@biggboss_khabri) on Nov 20, 2018 at 9:18am PST
A post shared by Bigg Boss 12 (@biggboss_khabri) on Nov 20, 2018 at 11:08pm PST","श्रीसंत को फिर आया गुस्सा
रोहित सुचांती ने किया आपे से बाहर
क्या अब रोहित की खैर नहीं?","Bigg Boss 12 (@biggboss_khabri) on Nov 20, 2018"
16,"पत्र में यह भी कहा गया है कि अपूर्वा को इसलिए फंसाया गया होगा क्योंकि तिवारी परिवार उसे अपनी जायदाद में कोई हिस्सा नहीं देना चाहता. सूत्रों ने बताया कि हालांकि परिवार ने दावा किया कि यह पत्र अपूर्वा के पिता की ओर से लिखा गया है जो इंदौर में जाने-माने वकील हैं और बार एसोसिएशन में ऊंचे पद पर हैं. पुलिस ने तिवारी के डिफेंस कॉलोनी आवास के लैंडलाइन नंबर की जानकारियां मांगी है. 
उन्होंने अपूर्वा के नाखून के नमूने भी लिए हैं ताकि यह पता लगाया जा सके कि क्या लड़ाई के दौरान तिवारी की त्वचा नाखूनों में फंसी थी या वहां कोई अन्य डीएनए मौजूद था. हालांकि सूत्रों ने बताया कि कोई सुराग मिलने की संभावना कम है क्योंकि नमूने हत्या के कुछ दिनों बाद लिए गए. इस मामले की पहले छानबीन करने वाली दक्षिण जिला पुलिस ने तिवारी को मृत घोषित किए जाने के बाद 16 अप्रैल को कमरा सील कर दिया था. शुरुआत में ऐसा संदेह था कि उनकी मौत स्वाभाविक कारणों से हुई, लेकिन पोस्टमार्टम में यह साफ हो गया कि उनकी तकिये से ‘‘गला घोंटकर'' हत्या की गई.  पुलिस ने बताया कि अपूर्वा देर रात करीब एक बजे तिवारी की हत्या करने के बाद कई बार कमरे में गई तो घटनास्थल के साथ छेड़छाड़ करने की संभावना बहुत अधिक है. पुलिस अधिकारी ने कहा, ‘‘उसने बेडशीट और तकियों के साथ छेड़छाड़ की कोशिश की होगी और सबूत नष्ट करने के लिए कमरा साफ करने की कोशिश की होगी.'' उनके अनुसार, अपूर्वा ने अपने हाथों से तिवारी का गला घोंटा और फिर तकिये का इस्तेमाल किया ताकि वह मदद के लिए ना चिल्ला सके. उसने करीब 14 घंटे तक तिवारी की मौत की बात छिपाए रखी. 
अपूर्वा को बुधवार को डिफेंस कॉलोनी स्थित आवास ले जाया गया जहां पुलिस ने घटना का नाटकीय रूपांतरण किया तिवारी के परिवार के सदस्यों को संदेह है कि हत्या से पहले अपूर्वा ने कथित तौर पर उसे नशा दिया. विसरा रिपोर्ट से ही यह पुष्टि हो पाएगी कि क्या उन्हें नशा दिया गया था या नहीं. बेडशीट, तकिये और तिवारी के कपड़ों को फॉरेंसिक जांच के लिए भेज दिया गया है. पुलिस ने बताया कि तिवारी को जल्दी गुस्सा आ जाता था और शादी के एक साल में ही उनके बीच मामूली मुद्दों को लेकर अक्सर झगड़ा होता था. पुलिस अधिकारी ने अपूर्वा की मनोचिकित्सा जांच की किसी भी संभावना को खारिज कर दिया.","पुलिस की हिरासत में है अपूर्वा
रोहित शेखर की हत्या का आरोप
पूछताछ कर रही है पुलिस",पत्र में यह भी कहा गया है कि यह यह भी कहा गया है कि अपूर्वा को
17,अंतरराष्ट्रीय मुद्रा कोष (आईएमएफ) ने यूनान को ऋण संकट से उबारने के लिए उसके लिए 2.2 अरब यूरो (3.96 अरब डॉलर) की राशि जारी की है। नए प्रधानमंत्री लुकास पापादेमोस द्वारा कड़े सुधार कार्यक्रम को लेकर जताई गई प्रतिबद्धता के बाद आईएमएफ ने यह राशि जारी की है।  आईएमएफ के इस कदम के बाद यूरोपीय संघ प्रोत्साहन उपायों के तहत यूनान के लिए 5.8 अरब यूरो देगा। देश में राजनीतिक उठापटक के कारण प्रोत्साहन राशि जारी करने में देरी हुई है। राजनीतिक संकट के कारण प्रधानमंत्री जार्ज पापेन्द्रू को सत्ता से हटना पड़ा।  इस कोष से यूनान को ऋण लौटाने में चूक से बचने में मदद मिलेगी। हालांकि आईएमएफ की महानिदेशक क्रिस्टीन लेगार्ड ने यह भी कहा है कि निजी बैंकों द्वारा यूनान के सरकारी ऋण का पुनर्गठन देश की वित्तीय व्यवस्था को स्थिर बनाने के लिए जरूरी है। यूनान को बचाने के लिए किए जा रहे प्रयासों के तहत देश के कामकाज का आकलन करने के बाद आईएमएफ के कार्यकारी बोर्ड ने सोमवार को कोष तत्काल जारी करने की मंजूरी दे दी।  मई 2010 में शुरू किए गए 110 अरब यूरो के इस कार्यक्रम के तहत यूनान को आर्थिक सुधार लागू करने के साथ साथ फिजूलखर्ची को भी रोकना है।,आईएमएफ ने यूनान को ऋण संकट से उबारने के लिए उसके लिए 2.2 अरब यूरो (3.96 अरब डॉलर) की राशि जारी की है।,अंतरराष्ट्रीय मुद्रा कोष (आईएमएफ) ने यूनान को ऋण संकट से उबारने
18,"इन सभी दलों के नेताओं के दिल्ली में जुटने की संभावना को देखते हुए ही जन्मदिन लखनऊ के साथ-साथ दिल्ली में भी मनाने का फैसला लिया गया है. सूत्रों के अनुसार, सपा प्रमुख अखिलेश यादव और बसपा प्रमुख मायावती की संयुक्त रैलियों का कार्यक्रम भी तय हो चुका है. दोनों ही प्रत्येक मंडल में रैलियां करेंगे. बसपा सुप्रीमो मायावती के जन्मदिन को लेकर शहर में पार्टी कार्यकर्ताओं ने कई जगह पर उनके होर्डिंग और पोस्टर लगाये हैं जिसमें उनके जन्मदिन की बधाईयों के संदेश दिये गये हैं.","लखनऊ से लेकर दिल्ली तक होगा शक्ति प्रदर्शन 
जन्मदिन का निमंत्रण सहयोगी दलों को भी भेजा गया
अखिलेश के साथ सीट बंटवारे पर हो सकता है एलान",इन सभी दलों के नेताओं के दिल्ली में जुटने की संभावना को देखते हुए ही जन्मदिन लखनऊ
19,"अमेरिका के एक शीर्ष व्यापार अधिकारी ने कहा कि दोहा दौर की सफलता के लिए जरूरी है कि भारत, चीन और ब्राजील अपने बाजार को खोलें।  अमेरिकी व्यापार प्रतिनिधि रोन किर्क ने बुधवार को कहा, दोहा वार्ता का मकसद तभी पूरा होगा जब चीन, भारत और ब्राजील जैसे प्रमुख सहयोगी देश निर्यात शक्ति के रूप में अपनी सफलता को पहचानें और बातचीत के दौरान जो प्रस्ताव दे रहे हैं, उसके मुकाबले वे बाजार को ज्यादा खोलने को तैयार हों। अमेरिकी सीमा शुल्क एवं सीमा सुरक्षा पर आयोजित एक संगोष्ठि में किर्क ने कहा, अभी भी विचारों में काफी अंतर है लेकिन अमेरिका इसका हल निकालने के लिए सहयोगी देशों के साथ मिलकर काम कर रहा है। उन्होंने कहा कि ओबामा प्रशासन दोहा दौर की बातचीत को सफल बनाने के लिए हर संभव प्रयास कर रहा है।","अमेरिका के एक शीर्ष व्यापार अधिकारी ने कहा कि दोहा दौर की सफलता के लिए जरूरी है कि भारत, चीन और ब्राजील अपने बाजार को खोलें।",अमेरिका के एक शीर्ष व्यापार अधिकारी ने कहा कि दोहा दौर की सफलता के लिए जरूरी है कि
20,"आम्रपाली दुबे (Amrapali Dubey) ने भोजपुरी के पावर स्टार पवन सिंह (Pawan Singh) के साथ मिलकर यूट्यूब (YouTube) पर धमाल मचा दिया है. भोजपुरी सिनेमा (Bhojpuri Cinema) की यूट्यूब क्वीन आम्रपाली दुबे और पवन सिंह की जोड़ी ने 'राते दिया बुताके' सॉन्ग में एक साथ नजर आई थी, और इस भोजपुरी गाने ने कई कीर्तिमान स्थापित किए थे. लेकिन अब सावन माह में कांवर गीत में भी आम्रपाली दुबे और पवन सिंह की जोड़ी धमाल मचाती नजर आ रही है. भोजपुरी फिल्मों (Bhojpuri Movie) की सुपरहिट जोड़ी आम्रपाली दुबे (Amrapali Dubey) और पवन सिंह (Pawan Singh) ने कांवर भजन के साथ नया धमाल किया है. 'शिव मानत नहीं' कांवर भजन (Kanwar Bhajan) यूट्यूब पर छाया हुआ है और इसे खूब देखा जा रहा है. 

कांवर (Kanwar) यात्रा शुरू हो चुकी है और भोले के भक्त बोल बम के नारे लगाते अपने सफर पर निकल चुके हैं. इस खास मौके के लिए भोजपुरी एक्टर और सिंगर पवन सिंह (Pawan Singh) एक के बाद एक जोरदार कांवर भजन लेकर आ रहे हैं. लेकिन इस बार उनका साथ देने के लिए आम्रपाली दुबे (Amrapali Dubey) भी हैं. पवन सिंह ने शिव भजनों की नई एल्बम 'जय जय जगपति' रिलीज की है, और इस भोजपुरी एल्बम के सॉन्ग का म्यूजिक वीडियो भी रिलीज कर दिया गया है. 
भोजपुरी सिनेमा (Bhojpuri Cinema) की सुपरहिट जोड़ी पवन सिंह और आम्रपाली दुबे ने न सिर्फ इस सॉन्ग में अपने डांस का जादू दिखाया है बल्कि उन्होंने अपनी आवाज भी दी है. 'शिव मानत नहीं' कांवर भजन के लिरिक्स मनोज मतलबी ने लिखे हैं और म्यूजिक छोटा बाबा ने दिया है. आम्रपाली दुबे (Amrapali Dubey) और पवन सिंह (Pawan Singh) के इस गीत को खूब देखा जा रहा है.","आम्रपाली और पवन सिंह का गाना हुआ वायरल
कांवर भजन लेकर आए हैं भोजपुरी सुपरस्टार
भोजपुरी म्यूजिक वीडियो ने मचाई धूम",आम्रपाली दुबे (Amrapali Dubey) ने भोजपुरी के पावर स्टार
21,बताया जाता है कि आरोपी चंकी गुड़गांव में एक मॉल में काम करता है. परिवार के लोग चंकी और युवती के संबंधों के बारे में जानते थे. वे दोनों गत 17 नवंबर को गायब हो गए थे और 20 नवंबर को वापस घर आए थे. बताया जाता है कि पीड़ित युवती विवाहित है और उसके दो बच्चे हैं. उसके पति से अच्छे संबंध नहीं हैं.,"आरोपी पर हत्या की कोशिश का मामला दर्ज, तलाश जारी
पीड़ित युवती विवाहित है और उसके दो बच्चे हैं 
प्रेमी-प्रेमिका नवंबर में तीन दिन गायब रहे थे",बताया जाता है कि आरोपी चंकी चंकी गुड़गांव में एक मॉल में काम करता है
22,"हॉलीवुड की फिल्मों 'आयरन मैन 2' और 'द एवेंजर्स' में मार्वल कॉमिक्स के प्रसिद्ध चरित्र 'ब्लैक विडो' की भूमिका मिभाकर बेहद चर्चित हो चुकी अभिनेत्री स्कारलेट जोहानसन अब अपने निर्देशन में बन रही पहली फिल्म की शूटिंग इस साल शुरू कर सकती हैं।वेबसाइट फीमेलफर्स्ट.को.यूके के अनुसार, स्कारलेट जोहानसन की यह फिल्म 'समर क्रॉसिंग', दिवंगत लेखक ट्रूमैन कपोटे द्वारा 1940 के दशक में इसी नाम से लिखित उनके पहले उपन्यास का फिल्म रूपांतरण है।टिप्पणियां28-वर्षीय स्कारलेट जोहानसन ने इस विषय पर बात करते हुए कहा, ""बहुत साल पहले मैंने कपोटे एस्टेट और पटकथा लेखक ट्रीस्टाइन स्काइलर के साथ इस उपन्यास को लेकर काम करना शुरू किया था। मैं ट्रूमैन से काफी प्रभावित थी और उनके उपन्यास 'समर क्रॉसिंग' पर फिल्म बनाना चाहती थी।""    उन्होंने कहा, ""इस उपन्यास की कहानी पर फिल्म बनाना और उसका निर्देशन करना मेरा सपना रहा है। अब मैं इस कहानी को पर्दे पर लाने के काबिल हुई हूं, और यह मेरे लिए गर्व की बात है।""
वेबसाइट फीमेलफर्स्ट.को.यूके के अनुसार, स्कारलेट जोहानसन की यह फिल्म 'समर क्रॉसिंग', दिवंगत लेखक ट्रूमैन कपोटे द्वारा 1940 के दशक में इसी नाम से लिखित उनके पहले उपन्यास का फिल्म रूपांतरण है।टिप्पणियां28-वर्षीय स्कारलेट जोहानसन ने इस विषय पर बात करते हुए कहा, ""बहुत साल पहले मैंने कपोटे एस्टेट और पटकथा लेखक ट्रीस्टाइन स्काइलर के साथ इस उपन्यास को लेकर काम करना शुरू किया था। मैं ट्रूमैन से काफी प्रभावित थी और उनके उपन्यास 'समर क्रॉसिंग' पर फिल्म बनाना चाहती थी।""    उन्होंने कहा, ""इस उपन्यास की कहानी पर फिल्म बनाना और उसका निर्देशन करना मेरा सपना रहा है। अब मैं इस कहानी को पर्दे पर लाने के काबिल हुई हूं, और यह मेरे लिए गर्व की बात है।""
28-वर्षीय स्कारलेट जोहानसन ने इस विषय पर बात करते हुए कहा, ""बहुत साल पहले मैंने कपोटे एस्टेट और पटकथा लेखक ट्रीस्टाइन स्काइलर के साथ इस उपन्यास को लेकर काम करना शुरू किया था। मैं ट्रूमैन से काफी प्रभावित थी और उनके उपन्यास 'समर क्रॉसिंग' पर फिल्म बनाना चाहती थी।""    उन्होंने कहा, ""इस उपन्यास की कहानी पर फिल्म बनाना और उसका निर्देशन करना मेरा सपना रहा है। अब मैं इस कहानी को पर्दे पर लाने के काबिल हुई हूं, और यह मेरे लिए गर्व की बात है।""
उन्होंने कहा, ""इस उपन्यास की कहानी पर फिल्म बनाना और उसका निर्देशन करना मेरा सपना रहा है। अब मैं इस कहानी को पर्दे पर लाने के काबिल हुई हूं, और यह मेरे लिए गर्व की बात है।""","हॉलीवुड की फिल्मों 'आयरन मैन 2' और 'द एवेंजर्स' में मार्वल कॉमिक्स के प्रसिद्ध चरित्र 'ब्लैक विडो' की भूमिका मिभाकर बेहद चर्चित हो चुकी अभिनेत्री स्कारलेट जोहानसन की 'समर क्रॉसिंग', दिवंगत लेखक ट्रूमैन कपोटे द्वारा इसी नाम से लिखित उनके पहले उपन्यास का फि",हॉलीवुड की फिल्मों 'आयरन मैन 2' और 'द एवेंजर्स' में
23,2016 में संसद में पूछे गए एक सवाल के जवाब में मोदी सरकार ने कुछ यूं बताई राफेल विमानों की कीमत.,"राफेल डील पर संसद में पूछे गए हर प्रमुख सवाल का यहां है जवाब
मोदी सरकार संसद में बता चुकी है राफेल की शुरुआती कीमत 
कांग्रेस महंगे दाम पर खरीदने का लगा रही आरोप, SC खारिज कर चुकी रिट",2016 में संसद में पूछे गए एक सवाल के जवाब में मोदी सरकार ने कुछ यूं बताई
24,"सुप्रीम कोर्ट के फैसले के बाद ममता बनर्जी ने कहा, 'इस देश में कोई बिग बॉस नहीं है. यहां केवल जनता ही बिग बॉस है. केवल लोकतंत्र ही इस देश का बड़ा मालिक है. यह मेरी जीत नहीं है. यह संविधान की जीत है. यह भारत की जीत है.'
वहीं दूसरी ओर केंद्रीय मंत्री रविशंकर प्रसाद ने कहा, 'सुप्रीम कोर्ट ने स्पष्ट कर दिया है कि राजीव कुमार को कोलकाता में नहीं, बल्कि शिलांग में अदालत में पेश होना होगा. कुछ लोग इसे जीत बता रहे हैं. हम क्या कह सकते हैं. सवाल यह है कि राजीव कुमार 3 साल से आगे क्यों नहीं आ रहे हैं? लेकिन अब तक पूछताछ से बचते रहे पुलिस कमिश्नर को CBI के सामने पेश होना होगा. सुप्रीम कोर्ट का फैसला CBI की बड़ी नैतिक जीत है.'
साथ ही सुप्रीम कोर्ट ने पश्चिम बंगाल के मुख्य सचिव, डीजीपी, कोलकाता पुलिस आयुक्त को सीबीआई द्वारा उनके खिलाफ दायर अवमानना याचिकाओं पर जवाब दायर करने को कहा. कोर्ट पश्चिम बंगाल के प्रमुख सचिव, डीजीपी, कोलकाता पुलिस प्रमुख से 20 फरवरी को अदालत में पेश होने को कह सकता है. अब मामले की अगली सुनवाई के लिए 20 फरवरी की तारीख तय की गई है.
कोलकाता में ममता बनर्जी के धरने का तीसरा दिन जारी है और अभी इसके कोई संकेत नहीं मिले हैं कि ममता बनर्जी कब धरना खत्म करेंगी. धरनास्थल से ममता बनर्जी ने प्रेस कॉन्फ्रेंस कर कहा कि वह देश बचाने के लिए अपनी जिंदगी कुर्बान कर देंगी, मगर अन्याय बर्दाश्त नहीं करेंगी.","सुप्रीम कोर्ट ने बंगाल-CBI विवाद पर सुनाया फैसला
कमिश्नर को CBI के सामने पेश होने को कहा
ममता और BJP दोनों ने बताया, 'नैतिक जीत'","सुप्रीम कोर्ट के फैसले के बाद ममता बनर्जी ने कहा, 'इस देश में कोई बिग बॉस"
25,"सुप्रीम कोर्ट ने मंगलवार को लिंग परिवर्तन कराकर पुरुष बनी महिला के खिलाफ खुदकुशी के मुकदमे को रद्द कर दिया. कोर्ट ने पंजाब हरियाणा हाई कोर्ट के उस आदेश को रद्द कर दिया जिसमें अदालत में उसके खिलाफ मुकदमा रद्द करने से इनकार कर दिया गया था.  सुप्रीम कोर्ट ने कहा कि अब इनके खिलाफ मुकदमा चलाने से कुछ हासिल नहीं होगा क्योंकि अब वह लिंग परिवर्तन कराकर महिला से पुरुष बन चुकी हैं.टिप्पणियांसात जुलाई 2007 को याचिकाकर्ता Ms X ने पंजाब के बटाला में पुलिस थाने में अपनी हाथ की नसें काट ली थीं और प्राथमिक उपचार के दौरान बार-बार आत्महत्या की धमकी दे रही थीं. दरअसल Ms X ने चुपचाप Ms Y से शादी कर ली थी और घरवाले दोनों को पुलिस थाने लेकर गए थे.    मंगलवार को सुनवाई के दौरान याचिकाकर्ता की तरफ से कहा गया कि पुलिस जानबूझकर इनको परेशान कर रही है. इतना ही नहीं जब याचिकाकर्ता ने अपनी महिला साथी से शादी की थी तो उसकी उम्र महज 19 साल थी. लेकिन अब दोनों अलग-अलग रह रहे हैं. ऐसे मैं याचिकाकर्ता के खिलाफ मुकदमे को रद्द किया जाना चाहिए. सुप्रीम कोर्ट ने याचिकाकर्ता को राहत देते हुए कहा कि अब दोनों अलग-अलग रह रहे हैं इसलिए उनके खिलाफ मुकदमा चलाने की जरूरत नहीं है.
सात जुलाई 2007 को याचिकाकर्ता Ms X ने पंजाब के बटाला में पुलिस थाने में अपनी हाथ की नसें काट ली थीं और प्राथमिक उपचार के दौरान बार-बार आत्महत्या की धमकी दे रही थीं. दरअसल Ms X ने चुपचाप Ms Y से शादी कर ली थी और घरवाले दोनों को पुलिस थाने लेकर गए थे.    मंगलवार को सुनवाई के दौरान याचिकाकर्ता की तरफ से कहा गया कि पुलिस जानबूझकर इनको परेशान कर रही है. इतना ही नहीं जब याचिकाकर्ता ने अपनी महिला साथी से शादी की थी तो उसकी उम्र महज 19 साल थी. लेकिन अब दोनों अलग-अलग रह रहे हैं. ऐसे मैं याचिकाकर्ता के खिलाफ मुकदमे को रद्द किया जाना चाहिए. सुप्रीम कोर्ट ने याचिकाकर्ता को राहत देते हुए कहा कि अब दोनों अलग-अलग रह रहे हैं इसलिए उनके खिलाफ मुकदमा चलाने की जरूरत नहीं है.
मंगलवार को सुनवाई के दौरान याचिकाकर्ता की तरफ से कहा गया कि पुलिस जानबूझकर इनको परेशान कर रही है. इतना ही नहीं जब याचिकाकर्ता ने अपनी महिला साथी से शादी की थी तो उसकी उम्र महज 19 साल थी. लेकिन अब दोनों अलग-अलग रह रहे हैं. ऐसे मैं याचिकाकर्ता के खिलाफ मुकदमे को रद्द किया जाना चाहिए. सुप्रीम कोर्ट ने याचिकाकर्ता को राहत देते हुए कहा कि अब दोनों अलग-अलग रह रहे हैं इसलिए उनके खिलाफ मुकदमा चलाने की जरूरत नहीं है.","सुप्रीम कोर्ट ने पंजाब-हरियाणा हाई कोर्ट का आदेश रद्द किया
कोर्ट ने कहा कि अब मुकदमा चलाने से कुछ हासिल नहीं होगा
पंजाब के बटाला पुलिस थाने में अपनी हाथ की नसें काट ली थीं",सुप्रीम कोर्ट ने मंगलवार को लिंग परिवर्तन कराकर पुरुष बनी महिला के खिलाफ खुदकुशी के मुकदमे को
26,"यदि आप सोच रहे हैं कि शाहरुख खान और अनुष्का की आगामी फिल्म का नाम 'द रिंग' है तो आप गलत सोच रहे हैं. दरअसल फिल्म का नाम अभी तय ही नहीं हुआ है और 'द रिंग' फिल्म का वर्किंग टाइटल यानी कामचलाऊ टाइटल है.फिल्म के लिए एम्सटरडम में शूटिंग कर रहीं अनुष्का शर्मा ने इंस्टाग्राम पर फिल्म की टीम की एक तस्वीर के साथ यह बात शेयर की. उन्होंने लिखा, 'टीम के साथ, क्रू एम्सटरडम पहुंच चुका है. द रिंग. वर्किंग टाइटल.'  With the team the crew moves to Amsterdam #TheRing #WorkingTitleA photo posted by AnushkaSharma1588 (@anushkasharma) on Sep 9, 2016 at 1:16pm PDTइस बीच शाहरुख खान ने भी एम्सटरडम से अपनी एक तस्वीर शेयर की है. उन्होंने लिखा, 'मैं सच के जैसा हूं, मुझे प्यार करना आसान है, अगर आप देखें यह किसके लिए है. लेकिन यदि आप उसे वह वह बनाना चाहें जो वह नहीं है तो प्यार करना बहुत मुश्किल होगा.'  ""I am...like the Truth. Loving me is easy, if you see it for what it is. Terribly difficult if you want it to be what it isn't.""A photo posted by Shah Rukh Khan (@iamsrk) on Sep 9, 2016 at 7:05pm PDTउन्होंने हाल ही में प्राग में शूटिंग खत्म की है. 'रब ने बना दी जोड़ी' और 'जब तक है जान' के बाद यह शाहरुख खान और अनुष्का की तीसरी फिल्म है.
फिल्म के लिए एम्सटरडम में शूटिंग कर रहीं अनुष्का शर्मा ने इंस्टाग्राम पर फिल्म की टीम की एक तस्वीर के साथ यह बात शेयर की. उन्होंने लिखा, 'टीम के साथ, क्रू एम्सटरडम पहुंच चुका है. द रिंग. वर्किंग टाइटल.'  With the team the crew moves to Amsterdam #TheRing #WorkingTitleA photo posted by AnushkaSharma1588 (@anushkasharma) on Sep 9, 2016 at 1:16pm PDTइस बीच शाहरुख खान ने भी एम्सटरडम से अपनी एक तस्वीर शेयर की है. उन्होंने लिखा, 'मैं सच के जैसा हूं, मुझे प्यार करना आसान है, अगर आप देखें यह किसके लिए है. लेकिन यदि आप उसे वह वह बनाना चाहें जो वह नहीं है तो प्यार करना बहुत मुश्किल होगा.'  ""I am...like the Truth. Loving me is easy, if you see it for what it is. Terribly difficult if you want it to be what it isn't.""A photo posted by Shah Rukh Khan (@iamsrk) on Sep 9, 2016 at 7:05pm PDTउन्होंने हाल ही में प्राग में शूटिंग खत्म की है. 'रब ने बना दी जोड़ी' और 'जब तक है जान' के बाद यह शाहरुख खान और अनुष्का की तीसरी फिल्म है.
With the team the crew moves to Amsterdam #TheRing #WorkingTitle
A photo posted by AnushkaSharma1588 (@anushkasharma) on Sep 9, 2016 at 1:16pm PDT
""I am...like the Truth. Loving me is easy, if you see it for what it is. Terribly difficult if you want it to be what it isn't.""
A photo posted by Shah Rukh Khan (@iamsrk) on Sep 9, 2016 at 7:05pm PDT","'द रिंग' फिल्म का कामचलाऊ नाम यानी वर्किंग टाइटल है.
फिल्म में शाहरुख खान और अनुष्का शर्मा हैं मुख्य भूमिकाओं में.
एम्सटरडम में चल रही है फिल्म की शूटिंग.",यदि आप सोच रहे हैं कि शाहरुख खान और अनुष्का की आगामी फिल्म का नाम 'द रिंग
27,"होल्कर स्टेडियम में गुरुवार को खेले गए चौथे एकदिवसीय मुकाबले में भारतीय टीम ने वेस्टइंडीज को 153 रनों से पराजित कर दिया। वीरेंद्र सहवाग को 219 रनों की ऐतिहासिक पारी के लिए मैन ऑफ द मैच चुना गया। इस तरह भारत ने पांच मैचों की श्रृंखला 3-1 से अपने नाम कर ली।   भारतीय टीम ने टॉस जीतकर पहले बल्लेबाजी करते हुए 50 ओवरों में पांच विकेट के नुकसान पर 418 रन बनाए। इसमें विस्फोटक सलामी बल्लेबाज वीरेंद्र सहवाग (219) के एकदिवसीय मैचों के इतिहास की अब तक की सबसे बड़ी पारी शामिल है।   इसके जवाब में बल्लेबाजी करने उतरी कैरेबियाई टीम 49.2 ओवर में 265 रन ही बना सकी। वेस्टइंडीज की ओर से दिनेश रामदीन ने सर्वाधिक 96 रन बनाए। रामदीन ने 96 गेंदों में 12 चौके लगाए।    मेहमान टीम की शुरुआत अच्छी नहीं रही और 13 रन पर पहला विकेट गंवाने के बाद उसने 100 रन के योग पर पांच विकेट गंवा दिए थे। कुल योग 161 रन तक पहुंचते उसके सात विकेट गिर चुके थे। कैरेबियाई टीम ने लेंडल सिमंस (36), कीरन पॉवेल (7), मार्लन सैमुएल्स (33), डान्जा हयात (11), केरन पोलार्ड (3), आंद्रे रसेल (29) और डेरेन सैमी (2) के विकेट गंवाए। पॉवेल रन आउट हुए जबकि सिमंस को रवींद्र जडेजा ने और सैमुएल्स को अपना पहला एकदिवसीय मैच खेल रहे युवा स्पिनर राहुल शर्मा ने आउट किया।  हयात और पोलार्ड को शर्मा ने आउट किया जबकि सुरेश रैना ने रसेल को और रविचंद्रन अश्विन ने सैमी को पवेलियन की राह दिखाई।   इसके बाद रामपॉल 10, और केमार रोच सात रन बनाकर आउट हुए। वेस्टइंडीज का आखिरी विकेट दिनेश रामदीन के रूप में गिरा।   भारत की ओर से रवींद्र जडेजा और राहुल शर्मा ने तीन-तीन विकेट झटके जबकि सुरेश रैना को दो और रविचंद्रन अश्विन को एक सफलता मिली।    इससे पहले, विस्फोटक सलामी बल्लेबाज वीरेंद्र सहवाग (219) के एकदिवसीय मैचों के इतिहास की अब तक की सबसे बड़ी पारी की बदौलत भारतीय टीम ने टॉस जीतकर पहले बल्लेबाजी करते हुए 50 ओवरों में पांच विकेट के नुकसान पर 418 रन बनाए।   एकदिवसीय मैचों में भारत का यह अब तक का सबसे बड़ा स्कोर है। भारतीय टीम ने इससे पहले 2009 में राजकोट में श्रीलंका के खिलाफ सात विकेट पर 414 रन बनाए थे। भारतीय टीम एकदिवसीय मैचों में अब तक सर्वाधिक चार बार 400 रनों का आंकड़ा पार कर चुकी है।   भारत ने 2007 में बरमुडा के खिलाफ 413 रन और 2010 में ग्वालियर में दक्षिण अफ्रीका के खिलाफ 401 रन बनाए थे। इसी मैच में सचिन तेंदुलकर ने नाबाद 200 रन बनाए थे।  सहवाग के अलावा गौतम गम्भीर ने 67 और सुरेश रैना ने 55 रनों का योगदान दिया। सहवाग ने अपनी 149 गेंदों की पारी में 25 चौके और सात चौके लगाए। उन्होंने ग्वालियर में दक्षिण अफ्रीका के खिलाफ 200 रनों की नाबाद पारी खेलने वाले सचिन का सर्वोच्च व्यक्तिगत योग का रिकार्ड ध्वस्त किया। सचिन ने अपनी इस पारी में 147 गेंदों पर 25 चौके और तीन छक्के लगाए थे।   सहवाग ने किसी एकदिवसीय पारी में सर्वाधिक 25 चौके लगाने के सचिन के रिकार्ड की भी बराबरी की। वह एकमात्र ऐसे भारतीय क्रिकेटर हैं, जिन्होंने टेस्ट मैचों में तिहरा शतक और एकदिवसीय मैचों में दोहरा शतक लगाया है। अपनी इस शानदार पारी के दौरान सहवाग ने एकदिवसीय मैचों में 8000 रन के आंकड़े का भी पार किया।  गम्भीर के साथ पारी की शुरुआत करने आए सहवाग ने पहली ही गेंद के साथ अपना रंग दिखाना शुरू किया और गम्भीर के साथ पहले विकेट के लिए 176 रन जोड़े। होल्कर में यह पहले विकेट के लिए अब तक की सबसे बड़ी साझेदारी है।  इससे पहले, रोबिन उथप्पा (86) और राहुल द्रविड़ ने 2006 में इंग्लैंड के खिलाफ इस मैदान पर पहले विकेट के लिए 166 रन जोड़े थे।  बहरहाल, गम्भीर 67 गेंदों पर 11 चौकों की मदद से 67 रन बनाने के बाद दुर्भाग्यपूर्ण तरीके से रन आउट हुए लेकिन इससे सहवाग के रन बनने की गति पर कोई असर नहीं पड़ा।   गम्भीर के स्थान पर उनका साथ देने विकेट पर आए रैना ने उसी उत्साह के साथ सहवाग का साथ निभाना शुरू किया, जिस उत्साह से गम्भीर निभा रहे थे।  यही कारण था कि दोनों ने दूसरे विकेट के लिए 17.3 ओवरो में 140 रन जोड़ डाले। रैना का विकेट गिरने तक भारत के खाते में 316 रन जुड़ चुके थे।  इस श्रृंखला में अपनी नाकामी को धोते हुए रैना ने 44 गेंदों पर छह चौकों की मदद से 55 रन बनाए। रवींद्र जडेजा (10) ने निराश किया लेकिन रोहित शर्मा (27) ने तेज पारी खेली। रोहित ने 16 गेदों पर तीन चौके लगाए।  विराट कोहली 11 गेंदों पर तीन चौकों की मदद से 23 रन बनाकर नाबाद लौटे। इस तरह भारतीय टीम चौथी बार एकदिवसीय मैचों में 400 रन और अपना अब तक का सबसे बड़ा स्कोर बनाने में सफल रही।",चौथे एकदिवसीय मुकाबले में भारत ने वेस्टइंडीज को 153 रन से हरा दिया। सहवाग को 219 रन की ऐतिहासिक पारी के लिए मैन ऑफ द मैच चुना गया।,होल्कर स्टेडियम में गुरुवार को खेले गए चौथे एकदिवसीय मुकाबले में भारतीय टीम ने वेस्टइंडीज को
28,"जम्मू और कश्मीर (Jammu and Kashmir) पर मची हलचल के बीच इस मुद्दे पर लगातार प्रतिक्रियाएं आनी जारी हैं. राजनीतिक दुनिया के साथ ही फिल्मी कलाकार भी इस मुद्दे पर जमकर रिएक्शन दे रहे हैं. हाल ही में जम्मू और कश्मीर  (Jammu and Kashmir) की परिस्थितियों और वहां बने हालातों को देखते हुए बॉलीवुड प्रोड्यूसर अशोक पंडित (Ashoke Pandit) ने भी इस पर ट्वीट किया है. अपने ट्वीट में अशोक पंडित (Ashoke Pandit) ने रोहिंग्या मुस्लिम को जम्मू और कश्मीर (Jammu and Kashmir) के लिए सबसे बड़ा खतरा बताया है. इसके साथ ही उन्होंने जम्मू और कश्मीर के इन हालातों के लिए कश्मीर के ही दो परिवारों को जिम्मेदार ठहराया है. जम्मू और कश्मीर के मुद्दे पर आया उनका यह ट्वीट सोशल मीडिया पर भी खूब वायरल हो रहा है. 
One of the biggest threats to the #UnionTerritory of #J&K are the #Rohingyas who are settled in Jammu. #FarooqAbdullah & #MehboobaMufti together are responsible for this.

अपने ट्वीट में जम्मू और कश्मीर (Jammu and Kashmir) की परेशानियों का जिक्र करते हुए अशोक पंडित (Ashoke Pandit) ने लिखा, ""केंद्र शासित प्रदेश जम्मू और कश्मीर के लिए सबसे बड़ा खतरा है रोहिंग्या, जो इस समय जम्मू में जाकर बसे हैं. इसके साथ ही फारूक अब्दुल्लाह और महबूबा मुफ्ति ही इस मुसीबत के लिए जिम्मेदार हैं.""
The difference between the #Emergency days clamped by Ur grand mother & today is that she & her family wanted to be in power and hence your uncle went on a nasbandi drive & ur grand mother put everyone in jail. Where's today enemies of our country are in jail. https://t.co/X8DqPppZ0D

इसके अलावा अशोक पंडित (Ashoke Pandit) ने कांग्रेस पर निशाना साधते हुए भी एक ट्वीट किया. इस ट्वीट में उन्होंने लिखा, ""आपकी दादी द्वारा लगाई गई एमरजेंसी और आज के दिनों में केवल यही फर्क है कि उन दिनों वह और उनका पूरा परिवार सत्ता में रहना चाहते थे. इसके लिए आपके चाचा ने नसबंदी अभियान चलाया और आपकी दादी ने सबको जेल भिजवाया. वहीं आज की बात करें तो आज देश के सभी दुश्मन जेल में हैं.""","जम्मू और कश्मीर की परिस्थितियों पर बॉलीवुड प्रोड्यूसर ने किया ट्वीट
जम्मू और कश्मीर के हालात के लिए दो हस्तियों को ठहराया जिम्मेदार
बॉलीवुड प्रोड्यूसर का ट्वीट हुआ वायरल",जम्मू और कश्मीर (Jammu and Kashmir) पर मची हलचल के बीच इस मुद्दे पर
29,"उत्तर प्रदेश के बांदा जिले में कथित रूप से सरकारी एम्बुलेंस उपलब्ध नहीं कराये जाने की वजह से मृतक के परिजन शव को रिक्शे पर लादकर ले गये. राजकीय रेलवे पुलिस (जीआरपी) के सूत्रों ने आज यहां बताया कि रामआसरे (44) नामक व्यक्ति का शव कल रेल की पटरी से बरामद हुआ था. उसके परिजन शव को पोस्टमार्टम के लिए रिक्शे पर लाद कर ले गए थे. इसका वीडियो सोशल मीडिया तथा समाचार चैनलों पर खूब प्रसारित किया गया.टिप्पणियांजिला मुख्य चिकित्सा अधिकारी (सीएमओ) डॉक्टर संतोष कुमार ने इस बारे में पूछे जाने पर बताया कि मृतक के परिजन ने शव को पोस्टमार्टम के लिये ले जाने के वास्ते एम्बुलेंस की जरूरत के बारे में स्वास्थ्य विभाग को कोई सूचना नहीं दी थी. उन्होंने कहा कि शव के पोस्टमार्टम के बाद दाह संस्कार के लिए परिजन को सरकारी एम्बुलेंस उपलब्ध कराई गई है. केन्द्र और राज्य सरकार द्वारा बहुप्रचारित एम्बुलेंस सेवा के बावजूद हाल के दिनों में पात्रों को इसका लाभ नहीं मिलने की घटनाएं सामने आयी हैं. पिछले महीने कौशाम्बी में कथित रूप में एम्बुलेंस नहीं मिलने पर एक व्यक्ति को सात साल की अपनी रिश्तेदार बच्ची का शव साइकिल से ले जाना पड़ा था.     (हेडलाइन के अलावा, इस खबर को एनडीटीवी टीम ने संपादित नहीं किया है, यह सिंडीकेट फीड से सीधे प्रकाशित की गई है।)
जिला मुख्य चिकित्सा अधिकारी (सीएमओ) डॉक्टर संतोष कुमार ने इस बारे में पूछे जाने पर बताया कि मृतक के परिजन ने शव को पोस्टमार्टम के लिये ले जाने के वास्ते एम्बुलेंस की जरूरत के बारे में स्वास्थ्य विभाग को कोई सूचना नहीं दी थी. उन्होंने कहा कि शव के पोस्टमार्टम के बाद दाह संस्कार के लिए परिजन को सरकारी एम्बुलेंस उपलब्ध कराई गई है. केन्द्र और राज्य सरकार द्वारा बहुप्रचारित एम्बुलेंस सेवा के बावजूद हाल के दिनों में पात्रों को इसका लाभ नहीं मिलने की घटनाएं सामने आयी हैं. पिछले महीने कौशाम्बी में कथित रूप में एम्बुलेंस नहीं मिलने पर एक व्यक्ति को सात साल की अपनी रिश्तेदार बच्ची का शव साइकिल से ले जाना पड़ा था.     (हेडलाइन के अलावा, इस खबर को एनडीटीवी टीम ने संपादित नहीं किया है, यह सिंडीकेट फीड से सीधे प्रकाशित की गई है।)
(हेडलाइन के अलावा, इस खबर को एनडीटीवी टीम ने संपादित नहीं किया है, यह सिंडीकेट फीड से सीधे प्रकाशित की गई है।)","बांदा में सामने आया मामला 
सीएमओ ने कहा- विभाग को नहीं दी गई थी सूचना
कौशांबी में भी सामने आया था ऐसा मामला",उत्तर प्रदेश के बांदा जिले में कथित रूप से सरकारी एम्बुलेंस उपलब्ध नहीं कराये
30,"मिस्र में राष्ट्रपति हुस्नी मुबारक की तानाशाही के खिलाफ पिछले दो दिन में टयूनिशिया से प्रेरित अप्रत्याशित विरोध प्रदर्शनों के दौरान पत्रकारों समेत सैकड़ों प्रदर्शनकारी गिरफ्तार किए गए और कम से कम छह लोग हिंसा में मारे गए।  मिस्र में मुबारक के 30 साल के शासन के खिलाफ कल दूसरे दिन भी प्रदर्शन हुआ। हजारों लोग मुबारक के खिलाफ नारे लगाते हुए सड़कों पर उतर गए। काहिरा के पुराने इलाके में बुधवार को हजारों सरकार विरोधी प्रदर्शनकारियों को खदेड़ दिया, जो तहरीर चौराहे पर फिर से जमा होने का प्रयास कर रहे थे।  मंगलवार को इस चौराहे पर 20 हजार से अधिक प्रदर्शनकारी इकट्ठा हो गए थे और वे कई घंटों तक चौराहे पर बैठे रहे। तड़के ही उन्हें सुरक्षा बलों ने तितर बितर किया। कई स्थानों पर सुरक्षा बलों ने आंसू गैस के गोले दागे तथा रबर की गोलियां चलाईं। प्रदर्शनकारियों ने भी उनपर पथराव किया। मीडिया की खबरों के मुताबिक एक प्रदर्शनकारी एवं एक पुलिसकर्मी मारा गया, जिसके साथ ही पिछले दो दिन के दौरान मारे गए लोगों की संख्या छह हो गई।",मिस्र में राष्ट्रपति हुस्नी मुबारक की तानाशाही के खिलाफ प्रदर्शनों के दौरान पत्रकारों समेत सैकड़ों प्रदर्शनकारी गिरफ्तार किए गए,मिस्र में राष्ट्रपति हुस्नी मुबारक की तानाशाही के खिलाफ पिछले दो दिन में ट
31,"कांग्रेस अध्यक्ष राहुल गांधी (Rahul Gandhi)  के खिलाफ उनके ही संसदीय क्षेत्र अमेठी (Amethi)  में किसानों ने प्रदर्शन किया. इस दौरान किसानों ने राहुल (Rahul Gandhi)  इटली वापस जाओ के नार भी लगाए. पूरा मामला अमेठी (Amethi) जिले के गौरीगंज इलाके का है. प्रदर्शन कर रहे किसानों की मांग है कि  राजीव गांधी फाउंडेशन को दी गई उनकी जमीन उन्हें वापस की जाए या फिर उन्हें रोजगार दिया मिले. बता दें कि राहुल गांधी (Rahul Gandhi)  इन दिनों दो दिन के अमेठी (Amethi) दौरे पर हैं. प्रदर्शन में शामिल हुए एक किसान ने एएनआई से कहा कि हम राहुल गांधी से बहुत दुखी हैं. उन्हें इटली वापस चले जाना चाहिए. वहां यहा रहने के लायक नहीं हैं. राहुल गांधी ने हमारी जमीन हड़प ली है. किसानों ने सम्राट साइकिल फैक्ट्री के बाहर प्रदर्शन किया. यह वही फैक्ट्री है जिसका शुभारंभ राजीव गांधी ने किया था.
गौतलब है कि कांग्रेस अध्यक्ष राहुल गांधी (Rahul Gandhi) अपनी संसदीय सीट अमेठी के दो दिनों के दौरे पर हैं. राहुल के अमेठी दौरे के दौरान क्षेत्र में  'अमेठी का MP, 2019 का PM' के पोस्टर लगाकर उनका स्वागत किया गया था. इन पोस्टर में कांग्रेस अध्यक्ष राहुल गांधी की तस्वीर लगी गई थी. अमेठी दौरे पर जाने से पहले राहुल गांधी ने फेसबुक पोस्ट में लिखा था. 'अमेठी आ रहा हूँ. घर के आंगन में अपनों के साथ बात-विचार होगा. खुशियों की इस कहानी के रंग आपको तस्वीरों के माध्यम से दिखाता रहूँगा.'
बसपा-सपा गठबंधन का एलान करते हुए मायावती और अखिलेश यादव ने कहा था कि वे राहुल गांधी के संसदीय क्षेत्र अमेठी और सोनिया गांधी के संसदीय क्षेत्र रायबरेली से अपना कोई उम्मीदवार नहीं उतारेंगे. दौरे के दौरान राहुल गांधी उत्तर प्रदेश कांग्रेस के साथ लोकसभा चुनाव में पार्टी की रणनीति पर चर्चा कर सकते हैं. पार्टी से जुड़े सूत्रों के मुताबिक राहुल गांधी फरवरी महीने में उत्तर प्रदेश में कई रैलियों को संबोधित कर सकते हैं. 
राहुल गांधी गांधी के प्रतिनिधि चंद्रकांत दुबे ने बताया था कि अमेठी दौरे में कांग्रेस अध्यक्ष फुरसतगंज में ग्राम पंचायत प्रतिनिधियों से मुलाकात करेंगे. बाद में वह गौरीगंज में नवनिर्वाचित बार सदस्यों (वकीलों) के शपथ ग्रहण समारोह में भी शामिल होंगे. दुबे ने बताया था कि राहुल गांधी हलियापुर में एक नुक्कड़ सभा को भी संबोधित करेंगे तथा भुएमऊ गेस्ट हाउस में रात्रि विश्राम करेंगे. अपनी यात्रा के दूसरे दिन वह पार्टी कार्यकर्ताओं से मिलेंगे, बाद में वह दिल्ली लौट जायेंगे.
राहुल इससे पहले चार जनवरी को अमेठी आने वाले थे लेकिन संसद सत्र चलने के कारण उनका दौरा उस समय स्थगित हो गया था. उस दिन केंद्रीय मंत्री स्मृति इरानी का भी अमेठी दौरा था वहीं, यूपीए की अध्यक्ष सोनिया गांधी के प्रतिनिधि केएल शर्मा ने बताया कि सोनिया का दौरा अपरिहार्य कारणों से रद्द हो गया है. उप्र में अमेठी और रायबरेली दो ऐसी लोकसभा सीटे है जिन्हें सपा बसपा गठबंधन ने कांग्रेस के लिये छोड़ा है. 25 साल से एक दूसरे के विरोधी रहे सपा-बसपा के नये गठबंधन ने उप्र की 80 लोकसभा सीटों पर 38-38 सीटो पर चुनाव लड़ने का फैसला किया है. गठबंधन ने दो सीटे छोटे राजनीतिक दलों के लिये छोड़ी हैं.","किसानों ने कहा हमें अपनी जमीन वापस चाहिए
दो दिन के दौरे पर अमेठी में हैं राहुल गांधी
अमेठी जिले में राहुल गांधी के खिलाफ प्रदर्शन",कांग्रेस अध्यक्ष राहुल गांधी (Rahul Gandhi) के खिलाफ उनके ही संसदीय क्षेत्र अमेठी (A
32,"रूसी खुफिया विभाग के एक पूर्व अधिकारी ने कहा है कि परमाणु युक्त पाकिस्तान, ईरान और उत्तर कोरिया क्षेत्रीय श्रृंखलाबद्ध प्रतिक्रिया भड़का सकते हैं जो रूस की सुरक्षा के लिए खतरा हो सकता है।टिप्पणियांसमाचार एजेंसी आरआईए नोवोस्ती के अनुसार, विदेशी खुफिया सेवा के पूर्व महानिदेशक व्याचेसलाव त्रुबनिकोव ने एक लेख में कहा है, ""ईरान, पाकिस्तान और उत्तर कोरिया भले ही रूस के प्रतिद्वंद्वी नहीं हैं, लेकिन उनकी मौजूदा और प्रस्तावित परमाणु क्षमता क्षेत्रीय सुरक्षा के लिए खतरा बन सकती है।""त्रुबनिकोव ने कहा है, ""ये परमाणु प्रसार (सऊदी अरब, सीरिया, तुर्की, मिस्र, जापान, दक्षिण कोरिया, ताईवान) की एक श्रृखलाबद्ध प्रतिक्रिया को भड़का सकते हैं, जो रूस के लिए एक नए मिसाइल खतरे को जन्म देता है।""    
समाचार एजेंसी आरआईए नोवोस्ती के अनुसार, विदेशी खुफिया सेवा के पूर्व महानिदेशक व्याचेसलाव त्रुबनिकोव ने एक लेख में कहा है, ""ईरान, पाकिस्तान और उत्तर कोरिया भले ही रूस के प्रतिद्वंद्वी नहीं हैं, लेकिन उनकी मौजूदा और प्रस्तावित परमाणु क्षमता क्षेत्रीय सुरक्षा के लिए खतरा बन सकती है।""त्रुबनिकोव ने कहा है, ""ये परमाणु प्रसार (सऊदी अरब, सीरिया, तुर्की, मिस्र, जापान, दक्षिण कोरिया, ताईवान) की एक श्रृखलाबद्ध प्रतिक्रिया को भड़का सकते हैं, जो रूस के लिए एक नए मिसाइल खतरे को जन्म देता है।""    
त्रुबनिकोव ने कहा है, ""ये परमाणु प्रसार (सऊदी अरब, सीरिया, तुर्की, मिस्र, जापान, दक्षिण कोरिया, ताईवान) की एक श्रृखलाबद्ध प्रतिक्रिया को भड़का सकते हैं, जो रूस के लिए एक नए मिसाइल खतरे को जन्म देता है।""","रूसी खुफिया विभाग के एक पूर्व अधिकारी ने कहा है कि परमाणु युक्त पाकिस्तान, ईरान और उत्तर कोरिया क्षेत्रीय श्रृंखलाबद्ध प्रतिक्रिया भड़का सकते हैं जो रूस की सुरक्षा के लिए खतरा हो सकता है।","रूसी खुफिया विभाग के एक पूर्व अधिकारी ने कहा है कि परमाणु युक्त पाकिस्तान, ईरान और उत्तर"
33,"अमेरिका की आंतरिक सुरक्षा मंत्री जेनेट नेपोलिटानो ने शुक्रवार को मुम्बई हमले में पाकिस्तानी खुफिया एजेंसी इंटर सर्विसेज इंटेलिजेंस (आईएसआई) की संलिप्तता पर टिप्पणी करने से इनकार कर दिया लेकिन उन्होंने भारत को हमले के मुख्य साजिशकर्ताओं में से एक डेविड कोलमैन हेडली से और 'पूछताछ' करने का भरोसा दिया।  शिकागो की एक अदालत में हेडली ने आईएसआई पर हमले की साजिश रचने का आरोप लगाया है। जेनेट ने भारत को हेडली से और 'पूछताछ' करने का भरोसा दिलाया।   ज्ञात हो कि सुनवाई के दौरान हेडली ने मुम्बई हमले में अपनी भूमिका कबूला है और वह हमले के आरोपी तहव्वुर राणा के खिलाफ गवाही दे रहा है। दोनों ने आतंकवादी संगठन लश्कर-ए-तैयबा की हमले की साजिश में मदद की थी जिसमें छह अमेरिकी नागरिकों सहित 166 लोग मारे गए।  एक संयुक्त संवाददाता सम्मेलन में केंद्रीय गृह मंत्री पी. चिदम्बरम के साथ मौजूद जेनेट से हेडली के खुलासों के बारे में पूछे जाने पर उन्होंने कहा, ""मैं यह कहना चाहूंगी कि हम कूटनीति साझेदारी और अमेरिका के बारे में चर्चा के लिए यहां उपस्थित हैं।""   जेनेट से यह पूछे जाने पर कि लश्कर-ए-तैयबा के सरगना हाफिज सईद जो मुम्बई हमले का प्रमुख साजिशकर्ता माना जाता है उसके खिलाफ अभियोग चलाने के लिए क्या अमेरिका अपने प्रभाव का इस्तेमाल करते हुए पाकिस्तान पर दबाव बनाएगा। इस सवाल पर भी अमेरिकी अधिकारी ने टिप्पणी करने से इनकार कर दिया। उन्होंने कहा, ""विदेश मंत्री हिलेरी क्लिंटन आज पाकिस्तान में हैं और मैं पाकिस्तान के बारे में टिप्पणी उन पर छोड़ती हूं। वह इस बारे में कुछ टिप्पणी करेंगी।""  जेनेट भारत-अमेरिका आंतरिक सुरक्षा पर आयोजित पहली वार्ता के लिए नई दिल्ली में हैं। इस वार्ता का उद्देश्य दोनों देशों के बीच आतंकवाद विरोधी सहयोग को बढ़ाना है। उन्होंने कहा कि अपनी चार दिनों की भारत यात्रा के पहले दिन वह मुम्बई गईं 'ताकि वह 26/11 हमले के बारे में विस्तृत जानकारी हासिल कर सकें।'  हेडली के खुलासों को अमेरिका किस रूप में देखता है इस पर भी टिप्पणी करने से इंकार करते हुए जेनेट ने कहा, ""मामले की सुनवाई शिकागो की अदालत में चल रही है..गवाह से पूछताछ के लिए अमेरिका ने भारत को पूरा सहयोग दिया है और सुनवाई पूरी हो जाने के बाद पूछताछ की और सम्भावना बनेगी।"" उन्होंने कहा, ""ऐसे में जब मामले की सुनवाई चल रही है तो वहां क्या हुआ इस पर टिप्पणी करना उचित नहीं है।""  जेनेट ने कहा कि भारत-अमेरिका कूटनीति सम्बंध आगे बढ़ रहे हैं और 'तथ्य यह है कि हमने कई वर्ष से कूटनीतिक सहयोग की साझेदारी की है। यह साझेदारी आने वाले समय में और मजबूत होगी।'",अदालत में हेडली ने आईएसआई पर हमले की साजिश रचने का आरोप लगाया है। जेनेट ने भारत को हेडली से और 'पूछताछ' करने का भरोसा दिलाया।,अमेरिका की आंतरिक सुरक्षा मंत्री जेनेट नेपोलिटानो ने शुक्रवार को मुम्बई हमले में पाकिस्तानी
34,"पश्चिमी त्रिपुरा की नलचर विधानसभा सीट पर उपचुनाव के लिए मंगलवार को कड़ी धूप और उमसभरी गर्मी के बावजूद 95 फीसदी मतदान हुआ। अधिकारियों ने बताया कि मतदान शांतिपूर्ण रहा।निर्वाचन अधिकारी शंकर चक्रवर्ती ने सोनामुरा अनुमंडल मुख्यालय से बताया कि चुनाव वाले इलाकों से किसी अप्रिय घटना की खबर नहीं है। सुबह आठ बजे मतदान शुरू होने से पहले ही मतदान केंद्रों पर मतदाताओं की लम्बी कतारें देखने को मिलीं। मतदान खत्म होने के आधिकारिक समय शाम पांच के बाद भी लोग कतारों में खड़े देखे गए।अधिकारी ने बताया कि निर्वाचन आयोग ने उपचुनाव पर नजर रखने के लिए खास तौर पर चार केंद्रीय पर्यवेक्षक भी नियुक्त किए थे। नलचर विधानसभा सीट सत्ताधारी मार्क्‍सवादी कम्युनिस्ट पार्टी (माकपा) के विधायक सुकुमार बर्मन के 10 मार्च को निधन हो जाने के कारण रिक्त हो गई थी।इस सीट के लिए चार उम्मीदवार चुनाव मैदान में हैं। मुख्य मुकाबला माकपा के तपन चंद्र दास और कांग्रेस उम्मीदवार द्विजेंद्रलाल मजुमदार के बीच है।    टिप्पणियांइस उपचुनाव को महत्वपूर्ण मानते हुए निर्वाचन क्षेत्र में सुरक्षा के व्यापक प्रबंध किए गए। सीमा सुरक्षा बल (बीएसएफ) के 600 से अधिक, केंद्रीय रिजर्व पुलिस बल (सीआरपीएफ) और त्रिपुरा राज्य राइफल्स के सैकड़ों जवानों को तैनात किया गया।मतगणना 15 जून को होगी। समूचे राज्य में विधानसभा चुनाव फरवरी 2013 में होना तय है।
निर्वाचन अधिकारी शंकर चक्रवर्ती ने सोनामुरा अनुमंडल मुख्यालय से बताया कि चुनाव वाले इलाकों से किसी अप्रिय घटना की खबर नहीं है। सुबह आठ बजे मतदान शुरू होने से पहले ही मतदान केंद्रों पर मतदाताओं की लम्बी कतारें देखने को मिलीं। मतदान खत्म होने के आधिकारिक समय शाम पांच के बाद भी लोग कतारों में खड़े देखे गए।अधिकारी ने बताया कि निर्वाचन आयोग ने उपचुनाव पर नजर रखने के लिए खास तौर पर चार केंद्रीय पर्यवेक्षक भी नियुक्त किए थे। नलचर विधानसभा सीट सत्ताधारी मार्क्‍सवादी कम्युनिस्ट पार्टी (माकपा) के विधायक सुकुमार बर्मन के 10 मार्च को निधन हो जाने के कारण रिक्त हो गई थी।इस सीट के लिए चार उम्मीदवार चुनाव मैदान में हैं। मुख्य मुकाबला माकपा के तपन चंद्र दास और कांग्रेस उम्मीदवार द्विजेंद्रलाल मजुमदार के बीच है।    टिप्पणियांइस उपचुनाव को महत्वपूर्ण मानते हुए निर्वाचन क्षेत्र में सुरक्षा के व्यापक प्रबंध किए गए। सीमा सुरक्षा बल (बीएसएफ) के 600 से अधिक, केंद्रीय रिजर्व पुलिस बल (सीआरपीएफ) और त्रिपुरा राज्य राइफल्स के सैकड़ों जवानों को तैनात किया गया।मतगणना 15 जून को होगी। समूचे राज्य में विधानसभा चुनाव फरवरी 2013 में होना तय है।
अधिकारी ने बताया कि निर्वाचन आयोग ने उपचुनाव पर नजर रखने के लिए खास तौर पर चार केंद्रीय पर्यवेक्षक भी नियुक्त किए थे। नलचर विधानसभा सीट सत्ताधारी मार्क्‍सवादी कम्युनिस्ट पार्टी (माकपा) के विधायक सुकुमार बर्मन के 10 मार्च को निधन हो जाने के कारण रिक्त हो गई थी।इस सीट के लिए चार उम्मीदवार चुनाव मैदान में हैं। मुख्य मुकाबला माकपा के तपन चंद्र दास और कांग्रेस उम्मीदवार द्विजेंद्रलाल मजुमदार के बीच है।    टिप्पणियांइस उपचुनाव को महत्वपूर्ण मानते हुए निर्वाचन क्षेत्र में सुरक्षा के व्यापक प्रबंध किए गए। सीमा सुरक्षा बल (बीएसएफ) के 600 से अधिक, केंद्रीय रिजर्व पुलिस बल (सीआरपीएफ) और त्रिपुरा राज्य राइफल्स के सैकड़ों जवानों को तैनात किया गया।मतगणना 15 जून को होगी। समूचे राज्य में विधानसभा चुनाव फरवरी 2013 में होना तय है।
इस सीट के लिए चार उम्मीदवार चुनाव मैदान में हैं। मुख्य मुकाबला माकपा के तपन चंद्र दास और कांग्रेस उम्मीदवार द्विजेंद्रलाल मजुमदार के बीच है।    टिप्पणियांइस उपचुनाव को महत्वपूर्ण मानते हुए निर्वाचन क्षेत्र में सुरक्षा के व्यापक प्रबंध किए गए। सीमा सुरक्षा बल (बीएसएफ) के 600 से अधिक, केंद्रीय रिजर्व पुलिस बल (सीआरपीएफ) और त्रिपुरा राज्य राइफल्स के सैकड़ों जवानों को तैनात किया गया।मतगणना 15 जून को होगी। समूचे राज्य में विधानसभा चुनाव फरवरी 2013 में होना तय है।
इस उपचुनाव को महत्वपूर्ण मानते हुए निर्वाचन क्षेत्र में सुरक्षा के व्यापक प्रबंध किए गए। सीमा सुरक्षा बल (बीएसएफ) के 600 से अधिक, केंद्रीय रिजर्व पुलिस बल (सीआरपीएफ) और त्रिपुरा राज्य राइफल्स के सैकड़ों जवानों को तैनात किया गया।मतगणना 15 जून को होगी। समूचे राज्य में विधानसभा चुनाव फरवरी 2013 में होना तय है।
मतगणना 15 जून को होगी। समूचे राज्य में विधानसभा चुनाव फरवरी 2013 में होना तय है।",पश्चिमी त्रिपुरा की नलचर विधानसभा सीट पर उपचुनाव के लिए मंगलवार को कड़ी धूप और उमसभरी गर्मी के बावजूद 95 फीसदी मतदान हुआ। अधिकारियों ने बताया कि मतदान शांतिपूर्ण रहा।,पश्चिमी त्रिपुरा की नलचर विधानसभा सीट पर उपचुनाव के लिए मंगलवार को कड़ी धूप और उमसभ
35,(इस खबर को एनडीटीवी टीम ने संपादित नहीं किया है. यह सिंडीकेट फीड से सीधे प्रकाशित की गई है।),"देवरिया जिले से ट्रेन में चढ़े थे अज्ञात हमलावर
रिजर्व कोच में जबरन घुसने की कोशिश कर रहे थे कुछ युवक
घायलों में टीम के कोच गोपाल श्रीवास्‍तव भी शामिल",(इस खबर को एनडीटीवी टीम ने संपादित नहीं किया है. यह सिंडी
36,"सशस्त्र बल विशेषाधिकार कानून (अफस्पा) के तहत आने वाले सुरक्षाबलों के कर्मियों को महिलाओं की सुरक्षा संबंधी अध्यादेश के दायरे से बाहर रखे जाने पर हो रहे विरोध के बीच रक्षा मंत्री एके एंटनी ने कहा कि ऐसे मामले में सशस्त्र बलों के कर्मियों सहित विभिन्न लोगों के खिलाफ सरकार ‘कठोर’ कार्रवाई करेगी।एंटनी ने कहा, ‘हमारी सरकार महिलाओं की सुरक्षा को लेकर चिंतित और गंभीर है। हम ऐसे लोगों के खिलाफ सख्त कार्रवाई करेंगे जो महिलाओं के लिए समस्याएं पैदा करते हैं। अध्यादेश संसद में लाया जा रहा है। इसके बाद हम ऐसे लोगों के खिलाफ सख्त कार्रवाई कर सकेंगे। यह सशस्त्र बलों पर भी लागू होता है।’टिप्पणियांएंटनी से अफस्पा के तहत आने वाले सशस्त्र बलों के कर्मियों को अध्यादेश के दायरे से बाहर रखे जाने पर महिला कार्यकर्ताओं के विरोध पर प्रतिक्रिया मांगी गई थी। उन्होंने कहा कि सशस्त्र बलों को दिशानिर्देश जारी कर दिए गए हैं कि महिलाओं के खिलाफ अपराधों को रक्षा मंत्रालय कतई नहीं बर्दाश्त करेगा।    एंटनी ने कहा, ‘मैं आश्वस्त करता हूं कि हमने सशस्त्र बलों को निर्देश दिए हैं कि महिलाओं के खिलाफ अपराधों के संबंध में, हमारी नीति कतई बर्दाश्त नहीं करने की होगी। हम सख्त और जल्द कार्रवाई करेंगे।’
एंटनी ने कहा, ‘हमारी सरकार महिलाओं की सुरक्षा को लेकर चिंतित और गंभीर है। हम ऐसे लोगों के खिलाफ सख्त कार्रवाई करेंगे जो महिलाओं के लिए समस्याएं पैदा करते हैं। अध्यादेश संसद में लाया जा रहा है। इसके बाद हम ऐसे लोगों के खिलाफ सख्त कार्रवाई कर सकेंगे। यह सशस्त्र बलों पर भी लागू होता है।’टिप्पणियांएंटनी से अफस्पा के तहत आने वाले सशस्त्र बलों के कर्मियों को अध्यादेश के दायरे से बाहर रखे जाने पर महिला कार्यकर्ताओं के विरोध पर प्रतिक्रिया मांगी गई थी। उन्होंने कहा कि सशस्त्र बलों को दिशानिर्देश जारी कर दिए गए हैं कि महिलाओं के खिलाफ अपराधों को रक्षा मंत्रालय कतई नहीं बर्दाश्त करेगा।    एंटनी ने कहा, ‘मैं आश्वस्त करता हूं कि हमने सशस्त्र बलों को निर्देश दिए हैं कि महिलाओं के खिलाफ अपराधों के संबंध में, हमारी नीति कतई बर्दाश्त नहीं करने की होगी। हम सख्त और जल्द कार्रवाई करेंगे।’
एंटनी से अफस्पा के तहत आने वाले सशस्त्र बलों के कर्मियों को अध्यादेश के दायरे से बाहर रखे जाने पर महिला कार्यकर्ताओं के विरोध पर प्रतिक्रिया मांगी गई थी। उन्होंने कहा कि सशस्त्र बलों को दिशानिर्देश जारी कर दिए गए हैं कि महिलाओं के खिलाफ अपराधों को रक्षा मंत्रालय कतई नहीं बर्दाश्त करेगा।    एंटनी ने कहा, ‘मैं आश्वस्त करता हूं कि हमने सशस्त्र बलों को निर्देश दिए हैं कि महिलाओं के खिलाफ अपराधों के संबंध में, हमारी नीति कतई बर्दाश्त नहीं करने की होगी। हम सख्त और जल्द कार्रवाई करेंगे।’
एंटनी ने कहा, ‘मैं आश्वस्त करता हूं कि हमने सशस्त्र बलों को निर्देश दिए हैं कि महिलाओं के खिलाफ अपराधों के संबंध में, हमारी नीति कतई बर्दाश्त नहीं करने की होगी। हम सख्त और जल्द कार्रवाई करेंगे।’",सशस्त्र बल विशेषाधिकार कानून के तहत आने वाले सुरक्षाबलों के कर्मियों को महिलाओं की सुरक्षा संबंधी अध्यादेश के दायरे से बाहर रखे जाने पर हो रहे विरोध के बीच रक्षा मंत्री एके एंटनी ने कहा कि ऐसे मामले में सशस्त्र बलों के कर्मियों सहित विभिन्न लोगों के खिलाफ,सशस्त्र बल विशेषाधिकार कानून (अफस्पा) के तहत आने वाले सुरक्षाबलों के कर्मियों
37,"मध्य प्रदेश के मुख्यमंत्री शिवराज सिंह चौहान ने मंगलवार को कहा कि मुरैना में अवैध खनन रोकने के अभियान में लगे भारतीय पुलिस सेवा (आईपीएस) के अधिकारी नरेंद्र कुमार की हत्या मामले की जांच राज्य सरकार केंद्रीय जांच ब्यूरो (सीबीआई) से कराने के लिए तैयार है।टिप्पणियांविधानसभा भवन में स्थिति अपने कक्ष में पत्रकारों से बातचीत में शिवराज ने कहा कि इस बारे में वह केंद्र सरकार को पत्र लिख रहे हैं।      मुख्यमंत्री ने कहा, ""मध्य प्रदेश सरकार ने वैसे तो न्यायिक जांच के आदेश दे दिए हैं लेकिन नरेंद्र कुमार की पत्नी मधु रानी तेवतिया के अनुरोध पर राज्य सरकार ने सीबीआई जांच कराने का निर्णय लिया है।"" तेवतिया भारतीय प्रशासनिक सेवा (आईएएस) की अधिकारी हैं।
विधानसभा भवन में स्थिति अपने कक्ष में पत्रकारों से बातचीत में शिवराज ने कहा कि इस बारे में वह केंद्र सरकार को पत्र लिख रहे हैं।      मुख्यमंत्री ने कहा, ""मध्य प्रदेश सरकार ने वैसे तो न्यायिक जांच के आदेश दे दिए हैं लेकिन नरेंद्र कुमार की पत्नी मधु रानी तेवतिया के अनुरोध पर राज्य सरकार ने सीबीआई जांच कराने का निर्णय लिया है।"" तेवतिया भारतीय प्रशासनिक सेवा (आईएएस) की अधिकारी हैं।
मुख्यमंत्री ने कहा, ""मध्य प्रदेश सरकार ने वैसे तो न्यायिक जांच के आदेश दे दिए हैं लेकिन नरेंद्र कुमार की पत्नी मधु रानी तेवतिया के अनुरोध पर राज्य सरकार ने सीबीआई जांच कराने का निर्णय लिया है।"" तेवतिया भारतीय प्रशासनिक सेवा (आईएएस) की अधिकारी हैं।",मध्य प्रदेश के मुख्यमंत्री शिवराज सिंह चौहान ने मंगलवार को कहा कि मुरैना में अवैध खनन रोकने के अभियान में लगे भारतीय पुलिस सेवा (आईपीएस) के अधिकारी नरेंद्र कुमार की हत्या मामले की जांच राज्य सरकार केंद्रीय जांच ब्यूरो (सीबीआई) से कराने के लिए तैयार है।,मध्य प्रदेश के मुख्यमंत्री शिवराज सिंह चौहान ने मंगलवार को कहा कि मुरैना में अवैध खनन रोकने
